MAFF code,Description,Fat,Saturated fat,Monounsaturated fat,Polyunsaturated fat,Carbohydrate,Energy,Sodium,Total sugar,Added sugar,Alcohol,Fibre,Cholesterol,Protein,NPM score
402,UHT whole milk,4.13832,2.63676,1.11972,0.13158,4.644,68.48868,0.044118,4.644,0,0,0,13.674,3.4572,1
403,Sterilised whole milk,4.13832,2.63676,1.11972,0.13158,4.644,68.48868,0.044118,4.644,0,0,0,13.674,3.4572,1
404,Pasteurised or homogenised whole milk,4.13832,2.63676,1.11972,0.13158,4.644,68.48868,0.044118,4.644,0,0,0,13.674,3.4572,1
901,Condensed or evaporated milk,3.718376,2.336108,1.072415,0.105365,5.727373,68.960153,0.072575,5.727373,2.070655,0,0,13.448512,3.50428,1
1102,Infant or baby milks - ready to drink,3.1,1.18,1.38,0.32,8,66.3,0.03,8,0,0,0,0,2.1,1
1103,Infant or baby milks - dried,3.87418,1.617474,1.440895,0.603448,8.250596,72.942166,0.024266,8.236882,0.619063,0,0,5.395205,1.7837,1
1201,Instant dried milk,0.06,0.036882,0.017517,0.00179,5.290508,35.165324,0.056502,5.29,0,0,0,1.2,3.69648,-1
1301,Yoghurt,1.526362,1.011613,0.366058,0.058245,14.612911,86.448382,0.067542,13.677139,6.942927,0,0.163244,2.136028,4.47818,3
1302,Fromage frais,5.668314,3.886955,1.366538,0.111189,14.267656,126.58366,0.037825,13.633998,9.439373,0,0.419851,3.341116,5.51628,4
1502,Fully skimmed milk,0.221107,0.138625,0.061404,0.008772,5.029371,34.909483,0.045765,5.029371,0,0,0,3.860483,3.51484,-1
1503,Semi-skimmed milk,1.753058,1.114793,0.475228,0.061139,4.954778,48.795197,0.044466,4.954778,0,0,0,6.204838,3.60931,0
1603,Dairy desserts - not frozen,6.286008,3.881822,1.879795,0.204211,20.345483,144.93151,0.095502,17.478602,11.510683,0,0.560396,10.545074,3.0188,7
1605,Dried milk products,2.8,1.24472,1.12426,0.30784,11.4,83.95,0.209,11.46,5.84,0,0,2,4,4
1607,Milk drinks & other milks,2.372224,1.512529,0.637706,0.09158,7.90186,64.073641,0.046986,7.90186,3.08529,0,0,8.150876,3.27291,0
1608,Non-dairy milk substitutes,1.8576,0.216926,0.350674,0.918377,2.2704,36.9972,0.048504,2.2704,1.032,0,0,0,2.9412,-1
1701,Cream,36.7002,23.212258,9.920849,1.14131,2.221846,346.92479,0.026397,2.221846,0.024184,0,0,96.790968,2.07277,13
2201,Hard cheese - Cheddar type,34.89829,21.679475,9.429511,1.390041,0.1,416.05985,0.699982,0.1,0,0,0,97.004717,25.40006,17
2202,Hard cheese - Other UK or foreign equivalent,33.532802,21.471055,8.868391,1.351253,0.1,399.92196,0.65042,0.1,0,0,0,95.245983,24.43793,16
2203,Hard cheese - Edam or other foreign,28.774701,18.245784,6.971373,1.000468,0.064293,370.66748,0.85381,0.064293,0,0,0,83.049136,27.86352,18
2205,Cottage cheese,4.3,2.3,0.9,0.1,3.1,100.725,0.3,3.1,0,0,0,16,12.6,1
2206,Soft natural cheese,20.558519,13.395619,5.199027,0.805293,1.930521,251.39748,0.476126,1.930521,0,0,0,61.705876,14.78284,13
2301,Processed cheese,18.356095,12.514367,4.741206,0.764378,5.972786,238.52539,0.854395,5.77152,0,0,0,55.259479,12.73065,17
3102,Beef joints - on the bone,16.002556,7.122183,7.105035,0.579082,0,206.25735,0.042933,0,0,0,0,48.288773,15.55859,4
3103,Beef joints - boned,13.854244,5.777918,6.308996,0.706648,0,204.4333,0.060367,0,0,0,0,50.79963,19.93628,2
3104,Beef steak - less expensive,6.743391,2.819038,3.04518,0.36424,0,148.04638,0.064928,0,0,0,0,67.762233,21.83896,-2
3105,Beef steak - more expensive,11.037063,4.811726,4.80895,0.587861,0,183.30635,0.058201,0,0,0,0,58.635537,20.9932,1
3106,Minced beef,14.159946,6.277958,6.291445,0.452092,0,208.51303,0.079375,0,0,0,0,54.089451,20.26838,3
3107,All other beef and veal,1.7,0.62,0.68,0.2498,0,106.1,0.059,0,0,0,0,52,22.7,-4
3601,Mutton,8.442,3.949114,3.2562,0.4355,0,136.278,0.04422,0,0,0,0,52.26,15.075,-1
3602,Lamb joints,12.56284,5.754586,4.9041,0.714685,0,174.91154,0.050641,0,0,0,0,65.02828,15.46149,2
3603,Lamb chops,17.727437,8.315448,6.774225,0.93626,0,215.52181,0.049321,0,0,0,0,62.429763,13.99372,5
3604,All other lamb,12.080848,5.616145,4.699875,0.620482,0,175.53274,0.055028,0,0,0,0,64.27891,16.70128,2
4101,Pork joints,14.104672,4.732697,5.809208,2.427158,0,194.42563,0.055465,0,0,0,0,57.757896,16.8709,1
4102,Pork chops,18.228,6.72,7.1148,3.00048,0,226.548,0.04452,0,0,0,0,51.24,15.624,3
4103,Pork fillets and steaks,6.5,2.3273,2.3213,1.3,0,146.5,0.053,0,0,0,0,63,22,-2
4104,All other pork,13.42796,4.792107,5.510026,2.121423,0,193.46393,0.060823,0,0,0,0,61.591191,18.15307,1
4603,Ox liver,7.8,2.8668,1.2484,1.6415,0,154.6,0.081,0,0,0,0,270,21.1,-2
4604,Lambs liver,6.2,1.7504,1.7917,0.9188,0,137,0.073,0,0,0,0,430,20.3,-3
4605,Pigs liver,3.1,0.9556,0.4801,0.8476,0,113.1,0.082,0,0,0,0,260,21.3,-4
4607,All other liver,2.846605,0.876761,0.545882,0.663519,0,97.612038,0.073515,0,0,0,0,375.03086,17.99815,-4
5101,All offal other than liver,2.581371,0.973566,0.789774,0.307755,0,74.464477,0.120569,0,0,0,0,216.56886,12.80804,-4
5502,"Bacon and ham joints, uncooked",8.473891,3.243847,3.653885,1.284703,0,145.83218,0.951419,0,0,0,0,26.246303,17.39179,9
5505,"Bacon and ham rashers, uncooked",17.173398,6.371363,7.224447,2.324551,0,219.96083,1.253683,0,0,0,0,54.101787,16.35006,13
5801,Ham and bacon,8.679333,2.920416,3.762154,1.357469,0.241378,164.33416,1.188046,0.241378,0.241378,0,0,72.942592,21.32875,9
5903,Cooked chicken and turkey,5.304041,1.487556,2.3803,1.059831,0.535006,127.009,0.349998,0.280234,0.280234,0,0,82.759889,19.31659,0
5904,Takeaway chicken,12.304529,2.519529,6.175093,2.875152,10.130713,221.99904,0.381262,0.120425,0,0,0.015593,60.578176,18.24924,3
6201,Corned beef - canned or sliced,10.9,5.5348,4.2069,0.3041,1,205.45,0.854,1,1,0,0,84,25.9,11
6601,Other cooked meat,13.675209,5.024679,6.068698,1.455923,1.729227,200.07817,0.850072,0.329521,0.165878,0,0.16666,76.415312,17.62917,11
7102,Other canned meat and canned meat products,13.4145,5.168762,5.59785,1.558301,6.868656,188.96801,0.53434,1.417864,0.817124,0,1.252521,43.045572,10.62001,6
7401,Chicken - whole or part,7.447719,2.050473,3.45512,1.415621,0,125.99097,0.049953,0,0,0,0,67.771301,14.74037,-2
7703,Turkey - whole or part,2.99443,0.946422,1.106975,0.698832,0,96.565735,0.053783,0,0,0,0,58.561226,17.40397,-4
7704,Poultry other than chicken or turkey,14.991563,4.441552,7.568161,2.111529,0,178.41452,0.038383,0,0,0,0,73.457268,10.87261,1
7801,"Other fresh, chilled or frozen meat",3.3,1.284,0.78,1.05,0,82.26,0.0402,0,0,0,0,31.8,13.14,-3
7901,"Sausages, uncooked - pork",22.405409,8.338431,9.92168,3.134087,8.689224,282.57617,0.807746,2.511204,0.01569,0,0.6,61.850058,12.08572,14
8001,"Sausages, uncooked - beef etc.",23.235499,8.863771,10.698922,2.323954,8.05931,280.25965,0.743917,1.147187,0.029281,0,0.347187,46.528133,10.22944,14
8302,Meat pies - ready to eat,25.663653,9.974326,10.880013,3.479103,25.122796,364.60872,0.550158,1.544914,0,0,1.158667,38.355975,9.85634,13
8303,Sausage rolls - ready to eat,24.1,10.36,9.42,3.07,26.9765,351.82187,0.577,1.3465,0,0,1.7,1.89,8.4,13
8401,"Meat pies, pasties and puddings - frozen or not frozen",17.421125,7.65995,6.840098,1.855516,24.094577,283.02342,0.400644,1.369256,0.020106,0,2.098022,25.381452,8.94299,7
8501,Burgers - frozen or not frozen,24.172935,10.624222,10.836767,0.933384,1.450301,289.33519,0.317731,0.205947,0.113176,0,0.44132,73.160077,16.58504,11
8901,Complete meat-based ready meals - frozen or not frozen,5.023669,1.776178,2.003753,0.706997,10.223143,127.36472,0.277497,2.459242,0.138191,0,0.69585,27.904551,10.82895,0
8902,Other convenience meat products - frozen or not frozen,13.655426,4.41746,5.8782,2.543916,10.869738,231.07941,0.485933,1.258243,0.085003,0,0.470704,66.278006,16.85469,6
9301,Pate,31.074597,11.363187,13.577344,4.192494,1.341339,336.79746,0.746859,0.47067,0,0,0,169.21478,13.02402,17
9302,Delicatessen type sausages,25.208342,8.886817,10.879007,2.846967,3.564432,301.40038,1.079961,0.538989,0.063419,0,0.168409,76.126713,15.28967,16
9403,Meat pastes and spreads,13.4,5.59,5.97,1.26,2.3,192.025,0.81,0.2,0.2,0,0,62,15.7,10
9501,Takeaway meat pies and pasties,18.731326,7.499818,8.345369,1.818917,26.290236,300.25456,0.447221,1.394649,0.028051,0,2.202809,37.497672,8.27106,6
9502,Takeaway burger and bun,9.6,4,4.79,0.44,26.9,243,0.42,5.7,0,0,0.9,94,13.9,5
9503,Takeaway kebabs,16.2,7.8,6.1,0.9,14,255.1,0.55,1.5,0,0,1.2,47,14.2,10
9504,Takeaway sausages and saveloys,22.7,8.46,10.09,3.15,9.2,286,0.88,2.7,0,0,0.6,62,11.8,15
9505,Takeaway meat based meals,6.123992,1.648154,2.755566,1.332828,7.444322,139.18445,0.306958,2.592104,0.614523,0,1.558755,40.295589,14.30782,-2
9506,Takeaway miscellaneous meats,28.593591,10.121824,12.971655,4.105307,6.547093,348.40848,1.257681,0.260036,0.052007,0,0.915878,123.31395,16.62864,18
10201,"White fish, fresh or chilled",0.844414,0.153315,0.234566,0.272288,0.339546,69.461295,0.08673,0.004468,0,0,0.024572,44.567859,15.18216,-5
10202,"White fish, frozen",1.886296,0.306695,0.774343,0.579291,2.775429,87.14334,0.121619,0.087874,0.085545,0,0.1623,43.294119,14.94276,-3
10601,"Herrings and other blue fish, fresh or chilled",7.5314,1.665833,2.688884,2.03288,0,125.90978,0.098371,0,0,0,0,68.860648,14.56614,-2
10602,"Herrings and other blue fish, frozen",7.5314,1.665833,2.688884,2.03288,0,125.90978,0.098371,0,0,0,0,68.860648,14.56614,-2
10701,"Salmon, fresh or chilled",11.85,2.1251,4.74,3.2074,0,171.114,0.03397,0,0,0,0,53.72,16.116,-1
10702,"Salmon, frozen",11.85,2.1251,4.74,3.2074,0,171.114,0.03397,0,0,0,0,53.72,16.116,-1
10801,"Blue fish, dried or salted or smoked",18.188152,3.29754,8.587643,4.174951,0.032059,234.1173,0.791486,0.032059,0,0,0,60.789646,17.59137,8
11401,"White fish, dried or salted or smoked",0.409143,0.069926,0.086945,0.145605,0.617796,48.968882,0.713213,0.199021,0.199021,0,0,24.162714,10.74428,2
11702,"Shellfish, fresh or chilled",2.344797,0.296776,0.981254,0.618006,3.014166,94.244938,0.613789,0.099232,0,0,0.136444,131.25552,15.55829,2
11703,"Shellfish, frozen",2.344797,0.296776,0.981254,0.618006,3.014166,94.244938,0.613789,0.099232,0,0,0.136444,131.25552,15.55829,2
11801,Takeaway fish,14.849947,7.197764,5.524425,1.231932,10.673816,240.26905,0.176885,0.977912,0,0,0.497282,66.185393,16.64818,6
11901,Tinned salmon,4.575,0.885,1.7775,1.2225,0,111.75,0.29325,0,0,0,0,46.5,17.7,-1
12001,Other tinned or bottled fish,5.071037,1.111869,1.385371,1.964714,0.217058,117.42688,0.262011,0.200823,0.187346,0,0,44.965626,17.71652,-1
12103,Ready meals and other fish products - frozen or not frozen,7.451571,1.417356,3.371038,2.152698,14.385097,168.71945,0.395835,0.972322,0.179382,0,0.516866,39.528306,11.92862,2
12304,Takeaway fish products,6.097397,1.136529,2.392288,2.018392,10.763714,139.78043,0.695799,0.729601,0.529601,0,0.553733,47.139753,11.13498,4
12305,Takeaway fish based meals,4.7,0.64,2.35,1.35,2.51,83.0725,0.536,1.3,0,0,1.6,55.6,7.8,0
12901,Eggs,443.95317,124.30689,170.18205,71.032507,0,6461.985,7.596532,0,0,0,0,17264.846,621.5344,25
13501,Butter,82.343,52.6325,21.2315,3.977,0.528,745.66637,0.430365,0.528,0,0,0,224.34,0.655,23
13801,Soft margarine,70.554585,21.899865,31.966152,13.295489,0.537749,637.43092,0.69829,0.537749,0,0,0,33.243143,0.33609,24
13802,Other margarine,76.4,26.4,34,12.2,0.318933,688,0.6,0.318933,0,0,0,15,0.19933,24
13901,"Lard, cooking fat",99.306244,40.912488,42.389395,10.857483,0,893.7562,0.001388,0,0,0,0,66.96926,0,20
14304,Olive Oil,91.2087,12.817698,63.652717,10.201862,0,820.8783,0,0,0,0,0,0,0,20
14305,Other vegetable and salad oils,91.882215,9.792827,36.454666,41.280846,0,826.96097,5.26E-05,0,0,0,0,0.97992,0.00526,19
14802,Reduced fat spreads,59.42315,13.6072,21.772824,20.972976,0.4824,536.79898,0.606661,0.4824,0,0,0,2.907846,0.14303,22
14803,Low fat spreads,42.633699,10.319811,16.059757,14.304982,2.341874,394.01258,0.635137,0.602371,0,0,0,3.08807,0.40271,21
14805,Suet and dripping,90.322111,50.131676,33.141928,2.540683,8.767668,846.76839,0.005842,0.18767,0,0,0,70.317509,0.24675,20
14807,Imitatation cream,34.665521,28.609651,3.070408,1.252717,26.71874,425.02908,0.113169,25.041564,23.129864,0,0.048125,5.718493,3.21103,19
15001,Sugar,0,0,0,0,104.72927,392.76402,0.006902,104.72927,104.72927,0,0,0,0.00732,14
15101,Jams and fruit curds,0.35461,0.096248,0.126262,0.072113,65.417001,250.38806,0.026749,63.83544,59.927109,0,1.125342,3.971632,0.4707,12
15201,Marmalade,0,0,0,0,69.5,261.025,0.064,69.5,66.2,0,0.6,0,0.1,13
15301,"Syrup, treacle",0,0,0,0,77.393135,291.91449,0.257744,77.393135,77.393135,0,0,0,0.42256,15
15401,Honey,0,0,0,0,76.4,288.1,0.011,76.4,76.4,0,0,0,0.4,13
15504,Fresh potatoes not specified elsewhere,0.085,0.021723,0.0085,0.008045,16.66,69.540625,0.00136,0.765,0,0,0,0,1.615,-1
15505,Fresh new potatoes,0.267,0.0534,0.0089,0.1602,14.329,62.18875,0.00979,1.157,0,0,0,0,1.513,0
15506,Fresh baking potatoes,0.085,0.021723,0.0085,0.008045,16.66,69.540625,0.00136,0.765,0,0,0,0,1.615,-1
16201,Fresh cabbages,0.257328,0.03685,0.025733,0.161079,3.506458,23.777739,0.007398,3.460395,0,0,2.276297,0,2.05154,-4
16301,Fresh brussels sprouts,0.966,0.19941,0.07728,0.496938,2.829,28.96275,0.00414,2.277,0,0,2.622,0,2.415,-4
16401,Fresh cauliflower,0.295059,0.068646,0.028113,0.138746,2.244321,19.047787,0.004804,1.995782,0,0,1.624976,0,2.00798,-3
16701,Lettuce and leafy salads,0.151262,0.0223,0.016289,0.091022,1.130799,9.466744,0.007259,1.129924,0,0,1.137608,0,0.95802,-1
16702,Prepared lettuce salads,0.105382,0.015808,0.014519,0.063274,1.127091,9.193436,0.007666,1.127091,0,0,1.102836,0,0.99494,-1
16801,Fresh peas,0.379474,0.126581,0.10078,0.076452,4.148674,30.533623,0.001349,2.366376,0,0,2.543126,0,2.89021,-4
16901,Fresh beans,0.31769,0.061354,0.017654,0.171421,2.481498,17.961524,5.88E-05,1.833685,0,0,2.010933,0,1.43557,-2
17101,Other fresh green vegetables,0.652624,0.087964,0.052446,0.376407,1.397738,20.298127,0.072011,1.232342,0,0,2.912747,0,2.29575,-5
17201,Fresh carrots,0.284,0.07171,0.077393,0.055742,5.396,24.211,0.01917,5.325,0,0,1.846,0,0.355,-1
17301,Fresh turnips and swede,0.219621,0.027327,0.018302,0.131772,3.63707,17.727455,0.010981,3.556105,0,0,1.764723,0,0.52796,-2
17401,Other fresh root vegetables,0.459703,0.101302,0.167506,0.096471,9.687068,45.05764,0.021641,4.419566,0,0,2.37632,0,1.14845,-3
17501,"Fresh onions, leeks and shallots",0.164566,0.025331,0.019698,0.070989,6.077946,28.050028,0.002702,6.045148,0,0,1.449733,0,0.94416,-1
17601,Fresh cucumbers,0.5796,0.17388,0.00276,0.23,1.104,13.0364,0.00368,1.104,0,0,0.644,0,0.92,0
17701,Fresh mushrooms,0.192,0.04608,0.00384,0.10368,0.288,6.72,0.004224,0.288,0,0,2.208,0,0.96,-3
17801,Fresh tomatoes,0.167123,0.033425,0.038995,0.09107,3.060199,15.180517,0.002113,3.060199,0,0,1.3,0,0.55619,-1
18301,"Fresh vegetable stewpack, stirfry pack etc.",0.48,0.1,0.12,0.15,5.6,30.6,0.022,3.9,0,0,3.2,0,1.32,-4
18302,Fresh stem vegetables,0.492098,0.078488,0.109205,0.205942,3.932007,22.483068,0.032476,1.064342,0,0,1.638927,0,0.82729,-2
18303,"Fresh marrow, courgettes, aubergine, pumpkin and other vegetables",0.240766,0.058668,0.022797,0.111162,1.541186,11.100362,9.11E-04,1.434173,0,0,1.395042,0,0.78851,-1
18304,Fresh herbs,0.987033,0.16115,0.05875,0.58349,3.162906,31.781971,0.024225,1.786097,0,0,6.271397,0,2.75944,-6
18401,"Tomatoes, canned or bottled",0.1,0.016,0.016,0.03,3.8,18.65,0.00487,3.8,0,0,0.8,0,1.1,-1
18501,"Peas, canned",0.496073,0.077553,0.094962,0.223883,10.084087,59.722513,0.119686,1.425368,0.158499,0,4.386725,0,4.36352,-6
18802,Baked beans in sauce,0.5,0.092173,0.061957,0.275444,14.967481,80.869924,0.259461,4.767481,4.263145,0,6.61084,0,5,-4
18803,Other canned beans and pulses,0.421137,0.074522,0.050594,0.206231,8.98849,53.321255,0.229839,1.441202,0,0,3.791706,0,3.94836,-5
19101,Other canned vegetables,0.457056,0.071392,0.087884,0.205119,8.527907,40.49532,0.153095,3.795403,0,0,2.568136,0,1.10054,-2
19201,"Dried pulses, other than air-dried",2.310106,0.381153,0.337734,1.131732,49.800837,297.65913,0.029423,3.160959,0,0,13.891415,0,22.52876,-7
19501,Air-dried vegetables,1.263614,0.358368,0.299793,0.354243,43.52034,230.18076,0.097846,31.922938,0,0,17.133239,0,13.90174,0
19602,Tomato puree and vegetable purees,0.17984,0.04215,0.021918,0.075308,14.4996,75.77446,0.054851,14.4996,0,0,3.1472,0,4.9456,-4
19603,"Vegetable juices e.g. tomato juice, carrot juice",0,0,0,0,3.084,14.8546,0.23644,3.084,3.084,0,0.6168,0,0.8224,2
19702,Chips - frozen or not frozen,3.60711,0.543709,1.156388,1.709853,26.205524,141.91862,0.027306,0.683329,0,0,1.9,0,2.79598,-2
19703,Takeaway chips,11.3,3.38,5.47,1.82,36.4,252,0.1045,0.4,0,0,3.2,0.9,3.5,1
19801,Instant potato,0.6,0.1551,0.0136,0.2573,74.9,319.875,1.09,4.1,0,0,14.9,0,8.4,3
19901,Canned potatoes,0.065,0.01664,0.00156,0.027365,9.815,41.29125,0.1625,0.455,0,0,1.625,0,0.975,-1
20002,Crisps and potato snacks,27.758077,3.187227,20.731773,2.651593,59.4077,493.9291,0.657419,1.173903,0,0,0,0,5.39707,13
20101,Other potato products - frozen or not frozen,7.015506,1.380209,2.152078,3.135765,23.982876,166.21473,0.28809,1.884239,1.236061,0,2.226966,6.627527,2.72447,2
20301,"Peas, frozen",0.7,0.134,0.068,0.364,10.7,68,0.00387,5.7,0,0,7,0,5.3,-7
20401,"Beans, frozen",0.146224,0.024776,0.018198,0.074052,5.31016,30.321842,0.008,2.026041,0,0,3.020183,0,2.27318,-5
20601,Ready meals and other vegetable products - frozen or not frozen,12.577103,2.323681,5.946889,3.598096,19.118661,197.7965,0.454991,4.389308,0.863523,0,1.919482,8.099767,3.2202,5
20604,All vegetable takeaway products,13.666299,2.722255,4.301253,5.666357,19.824885,181.37518,0.344005,4.72827,2.03332,0,1.288026,18.237557,3.49617,5
20801,Other frozen vegetables,1.129039,0.203813,0.186041,0.567176,8.489096,51.814591,0.055976,3.703554,0,0,3.884382,0,2.454,-6
21001,Fresh oranges,0.142,0.0284,0.0284,0.0568,5.822,25.56,4.40E-04,5.822,0,0,1.278,0,0.568,0
21401,Other fresh citrus fruits,0.115186,0.023807,0.021875,0.046493,5.772601,24.972099,0.001285,5.772601,0,0,1.251646,0,0.53262,0
21701,Fresh apples,0.141591,0.030139,0.011009,0.072851,8.998108,36.636621,0.002103,8.998108,0,0,1.59517,0,0.36309,-1
21801,Fresh pears,0.085,0.017,0.0085,0.0425,9.265,36.55,7.82E-04,9.265,0,0,2.295,0,0.255,-1
22101,Fresh stone fruit,3.295585,0.684713,2.030526,0.38434,6.586836,58.021186,0.002031,6.583573,0,0,2.220413,0,0.91507,-2
22201,Fresh grapes,0.15,0.06,0.0048,0.06,16.1,64.3,0.8,16.1,0,0,0.8,0,0.65,10
22701,Other fresh soft fruit,0.385235,0.033936,0.072418,0.201843,5.646654,27.832593,0.001508,5.646654,0,0,3.406389,0,0.76306,-3
22801,Fresh bananas,0.063,0.2079,0.0756,0.1701,12.789,51.03,6.30E-04,11.403,0,0,1.953,0,0.756,0
22901,Fresh melons,0.060079,0.01771,0.01771,0.023117,3.839188,16.405383,0.006106,3.839188,0,0,0.287519,0,0.28467,0
23101,Other fresh fruit,0.206798,0.040743,0.017564,0.107131,6.922092,30.032832,0.001813,6.845563,0,0,1.317632,0,0.55345,0
23301,"Tinned peaches, pears and pineapples",0,0,0,0,13.690601,53.022767,0.00379,13.690601,9.307782,0,1.030819,0,0.42075,2
23601,All other tinned or bottled fruit,0.027759,0.00233,0.012619,0.007267,15.022295,58.451343,0.009808,14.524942,10.004029,0,1.493735,0,0.46698,1
24001,Dried fruit,0.941768,0.435439,0.281629,0.129437,61.877001,248.79094,0.037908,61.842633,34.668112,0,6.171026,0.515519,2.06907,7
24101,"Frozen strawberries, apple slices, peach halves, oranges and other frozen fruits",0.35194,0.040876,0.076104,0.164203,7.061987,31.053211,0.00331,7.061987,2.458185,0,2.527322,0,0.66292,-2
24502,Nuts & edible seeds,47.750676,9.687522,21.536875,14.41785,14.646757,558.89865,0.206899,9.808585,4.608869,0,7.937934,1.754379,18.55431,9
24503,Peanut butter,53.7,11.7049,21.2536,18.3787,13.1,622.825,0.35,6.7,0,0,6.8,0,22.6,11
24801,Pure fruit juices,0.101035,0.017692,0.019715,0.043257,9.234124,37.293485,0.002936,9.235888,9.235888,0,0.080926,0,0.64755,2
25102,"White bread, standard, unsliced",2,0.492255,0.4,0.623236,49.9,241,0.4,2.9,0,0,4.032361,0.135277,9,-3
25202,"White bread, standard, sliced",1.6,0.3,0.3,0.5,46.1,219,0.4,3.4,0,0,3.692468,0,7.9,-3
25701,"White bread, premium, sliced and unsliced",2.3,0.57,0.41,0.57,47,230,0.4,2.7,0,0,2.4,0,8.3,-2
25801,"White bread, soft grain, sliced and unsliced",2.2,0.4,0.6,0.9,45.1,224,0.37,3.5,0,0,3.661874,0,8.7,-4
25901,"Brown bread, sliced and unsliced",2.136533,0.435424,0.430699,0.690662,42.198604,208.82892,0.411377,3.36966,0,0,5.66753,0,8.03653,-4
26001,"Wholemeal and granary bread, sliced and unsliced",2.5,0.5,0.6,0.8,42,217,0.4,2.8,0,0,7.4,0,9.4,-4
26302,"Rolls - white, brown or wholemeal",2.378822,0.585017,0.580129,0.731989,53.236839,258.00654,0.396547,2.704888,0,0,4.480093,0,9.35178,-3
26303,Malt bread and fruit loaves,6.738529,1.397908,1.044286,2.244472,51.691504,284.68495,0.282848,16.301737,8.401738,0,4.238862,10.098263,7.54876,1
26304,Vienna and French bread,1.923942,0.352833,0.29749,0.663802,55.936125,263.01919,0.429841,2.788299,0,0,5.194009,0,9.09171,-3
26305,Starch reduced bread and rolls,2.120732,0.434384,0.413889,0.590814,47.847752,235.53994,0.492603,2.665034,0,0,4.062592,0,9.23972,-3
26308,Other breads,4.817198,1.755738,1.493712,0.932721,47.452198,256.15147,0.509091,2.858464,0.073457,0,3.747785,5.176471,8.69955,-1
26309,Sandwiches,16.465097,5.459125,5.153257,5.121292,23.796272,281.27562,0.740357,1.5508,0.070952,0,2.887354,22.600919,10.96226,7
26310,Sandwiches from takeaway,16.465097,5.459125,5.153257,5.121292,23.796272,281.27562,0.740357,1.5508,0.070952,0,2.887354,22.600919,10.96226,7
26311,Takeaway breads,6.755299,2.758328,2.131321,1.153039,51.105848,286.24538,0.414234,2.815932,0,0,4.035646,8.953923,8.51149,-1
26401,Flour,1.388341,0.434952,0.228075,0.266115,80.407177,351.07866,0.001902,0.639305,0,0,3.845657,0,9.26417,-6
26701,"Buns, scones and teacakes",6.682511,2.446579,2.208254,1.153127,47.751957,268.54919,0.517134,11.68809,6.560722,0,2.508394,11.4951,7.34252,5
27001,"Cakes and pastries, not frozen",17.666615,7.424845,6.690511,2.440363,52.131557,373.38153,0.205319,32.193765,29.461754,0,2.073032,56.895973,4.69314,16
27002,Takeaway pastries,16.953185,7.588927,6.130831,2.059886,49.367888,360.52131,0.277677,21.542299,16.754626,0,2.259913,30.134228,5.7173,12
27101,Crispbread,3.624977,1.092316,0.85657,1.288717,53.754097,321.84652,0.400863,2.41721,2.162412,0,10.726409,0,21.953,-1
27402,Sweet biscuits (not chocolate) and cereal bars,19.859213,8.878016,7.870119,2.068607,69.737177,463.08356,0.388828,23.78046,22.84806,0,2.468686,5.273788,5.71712,16
27403,Cream crackers and other unsweetened biscuits,18.49402,9.122096,6.331823,2.23451,68.761419,460.75791,0.534203,2.74394,0,0,6.1,2.894789,9.10074,9
27702,Chocolate biscuits,27.639635,15.90158,8.16103,1.594211,61.344634,501.92306,0.176299,38.181245,32.859166,0,2.966232,12.888723,5.76158,18
28101,Oatmeal and oat products,8.624386,1.523754,3.395351,3.172792,71.27824,388.86004,0.049368,6.071931,0,0,6.579426,0.542702,10.98519,-4
28202,Muesli,8.87191,2.002325,4.202175,2.170165,66.520264,367.30784,0.119399,19.351916,12.324968,0,8.801097,2.067283,9.52798,1
28203,High fibre breakfast cereals,2.946315,0.718517,0.442158,1.056858,70.114474,329.68145,0.267012,13.046205,9.428117,0,14.733246,0.035854,10.02814,-2
28204,Sweetened breakfast cereals,1.690597,0.500865,0.515215,0.402081,87.170535,363.21005,0.255204,36.056062,32.603494,0,5.074109,0.018693,5.2304,6
28205,Other breakfast cereals,0.927923,0.184445,0.13955,0.314824,90.932874,377.64767,0.459354,9.298144,6.342513,0,3.188227,0.006758,7.13286,3
28502,Canned or fresh carton custard,2.807173,1.858502,0.735633,0.058259,16.201372,96.863216,0.041,12.678165,8.083967,0,0.094198,2.041983,2.7058,3
28503,All canned milk puddings,1.972877,1.139851,0.563673,0.154396,17.210604,95.268875,0.051196,9.455648,5.194722,0,0.204525,8.864256,3.2883,2
28601,Puddings,10.018637,4.450848,4.401718,0.703207,57.136279,324.37067,0.189051,41.826991,30.294798,1.037185,2.557128,34.568312,3.2081,14
28702,Dried rice,1.03458,0.266712,0.303263,0.287117,84.858623,354.76653,0.034949,0.961791,0.162011,0,2.347918,0.025562,6.83533,-3
28703,Cooked rice,1.543148,0.342601,0.460689,0.561476,28.166966,132.32701,0.023755,0.533728,0,0,1.394519,0.783491,3.21084,-2
28704,Takeaway rice,1.543148,0.342601,0.460689,0.561476,28.166966,132.32701,0.023755,0.533728,0,0,1.394519,0.783491,3.21084,-2
29001,"Invalid foods, slimming foods and sports foods",24.671217,9.505613,6.246685,2.19369,56.326896,469.96823,0.238862,38.172398,26.91247,0,7.907915,22,9.17535,14
29101,Infant cereal foods,8.878924,2.431347,2.241231,2.276139,69.842774,393.8622,0.198573,17.23545,9.916116,0,2.815077,44.647839,13.01037,2
29402,Cakes and pastries - frozen,14.860749,7.081788,5.182659,1.55241,34.241142,277.58255,0.157851,18.533869,14.7517,0,1.298865,45.249737,3.87942,12
29501,Canned pasta,0.968423,0.269621,0.317723,0.24371,14.043457,70.528875,0.306632,4.031885,1.708047,0,1.332577,0.883725,2.35412,1
29502,Dried and fresh pasta,1.642698,0.266547,0.21995,0.641696,74.704581,337.81133,0.036835,5.690914,0.01205,0,4.842213,0.778075,10.72122,-5
29503,Takeaway pasta and noodles,0.6,0.09,0.07,0.25,31.5,141.125,0.003,1,0,0,1.8,0,4.4,-3
29601,Pizzas - frozen and not frozen,9.958487,4.043028,3.56305,1.549395,32.908851,257.40976,0.445035,4.077243,2.382019,0,2.974631,20.545899,11.11711,2
29602,Takeaway pizza,9.560975,3.900223,3.576691,1.408999,33.941733,263.56658,0.404021,3.220555,1.959031,0,3.24457,18.354419,12.59796,1
29907,"Cake, pudding and dessert mixes",4.733429,2.760163,1.185793,0.54258,83.690805,363.77026,0.565169,18.970562,18.295837,0,1.244654,1.2062,1.80628,14
29909,Cereal snacks,27.127683,2.483909,36.703849,5.168973,63.785507,508.30315,0.99106,4.990246,0.429748,0,3.055688,0,6.24826,12
29915,Quiches and flans - frozen and not frozen,18.050631,8.122979,6.822926,1.944345,19.854287,271.61894,0.339434,3.36359,0,0,0.072753,85.528616,8.6146,9
29916,"Takeaway crisps, savoury snacks, popcorn, popadums, prawn crackers",29.748418,7.043692,15.985724,4.927076,57.314488,513.05371,0.795931,4.450754,1.557329,0,7.676484,4.195596,7.46466,12
29919,Other cereal foods - frozen and not frozen,14.209193,5.600394,5.733671,1.716065,47.018365,336.62654,1.23751,6.574569,0,0,3.163445,17.145008,8.10623,11
30101,Other cereals,2.04058,0.355501,0.247547,0.882482,69.141354,321.71035,0.113038,5.707642,0,0,12.845357,0.041581,11.01626,-4
30401,Tea,0,0,0,0,0,0,0.01,0,0,0,0,0,0,0
30701,Coffee beans and ground coffee,0,0,0,0,4.5,75.275,0.081,0,0,0,0,0,14.6,-5
30801,Instant coffee,0,0,0,0,4.5,75.275,0.081,0,0,0,0,0,14.6,-5
30901,Coffee essences,0.26,0.08554,0.04992,0.10218,72.8,283.66,0.0845,69.94,69.94,0,0,0,2.08,12
31001,Tea and coffee from takeaway,0.339878,0.222884,0.09,0,0.560122,7.159603,0.006301,0.560122,0,0,0,1.699389,0.50006,0
31201,Cocoa and chocolate drinks,8.471657,5.056273,2.755452,0.285074,66.862419,358.10821,0.402455,62.269492,60.927956,0,0,0.106083,7.78231,19
31301,Malt drinks and chocolate versions of malted drinks,3.790055,2.469282,0.922044,0.109651,78.033841,368.49943,0.373601,67.311651,60.375714,0,0.246537,13.634897,10.44051,15
31401,Mineral or spring waters,0,0,0,0,0,0,0,0,0,0,0,0,0,0
31501,Baby foods,1.787937,0.347131,0.755206,0.506712,12.273894,70.821019,0.022805,7.362221,4.445805,0,1.501231,3.469765,2.17562,-2
31801,Soups - canned or cartons,1.462263,0.260873,0.734306,0.39266,7.257467,49.340489,0.286301,2.89328,2.274531,0,0.568285,2.383523,1.44812,3
31901,Soups - dehydrated or powdered,9.757902,4.983295,3.129557,1.11321,64.39709,371.41267,3.327018,22.377311,21.300819,0,2.725285,3.98292,10.54571,14
32001,Soups  - from takeaway,1.352323,0.243618,0.697796,0.342893,7.232549,48.302257,0.277018,2.882332,2.251283,0,0.57106,2.402745,1.43774,3
32201,Meals on wheels - items not specified,7.1535,2.0236,3.1613,1.5751,6.9852,147.8064,0.357834,2.6351,0.5012,0,1.5588,40.2951,14.3077,-1
32302,Salad dressings,41.29041,4.413607,18.003802,16.720753,11.853957,421.06013,0.674464,8.777114,8.752381,0,0.10281,38.433053,1.27181,17
32303,Other spreads and dresssings,23.6375,5.128356,12.479781,4.771306,57.362813,437.22305,0.08875,56.275312,50,0,0,5.5875,2.3625,19
32702,Pickles,0.127147,0.015487,0.009447,0.037577,17.546849,70.203885,0.544966,15.918996,12.242821,0,1.502589,0,0.81472,7
32703,Sauces,1.994678,0.420372,0.678574,0.767376,14.866734,81.068865,1.187796,11.963504,8.350309,0,1.159258,1.381083,1.54454,12
32704,Takeaway sauces and mayonnnais,14.278192,1.88634,3.584578,8.095369,19.972842,209.78235,1.521404,16.626399,13.916009,0,0.917282,14.299307,1.54213,15
32801,Stock cubes and meat and yeast extracts,4.261745,1.544595,1.94773,0.471284,9.019719,216.39812,9.095087,1.393213,0,0,0,0,36.05462,8
32901,Jelly squares or crystals,0,0,0,0,71.7,294.075,0.025,71.7,71.7,0,0,0,6.3,10
33203,Ice cream tub or block,4.039464,2.584013,1.043703,0.218182,15.026593,98.740749,0.039117,15.026593,12.290201,0,0,8.021922,1.44935,6
33302,"Ice cream cornets, choc-ices, lollies with ice cream",9.636784,7.414606,1.451513,0.304112,14.524782,148.67079,0.037813,13.808401,10.229744,0,0,4.180688,1.87136,10
33303,"Ice lollies, sorbet, frozen mousse, frozen yoghurt",2.295382,1.214716,0.754853,0.197403,8.943206,59.04856,0.021982,8.385756,7.303648,0,0.098374,1.311647,1.21327,2
33304,"Takeaway ice cream, ice cream products, milkshakes",5.06024,3.511559,1.079889,0.223002,14.945642,107.60668,0.037499,14.802178,12.006501,0,0,7.161573,1.47182,7
33401,Salt,0,0,0,0,0,0,0,0,0,0,0,0,0,0
33901,Soya and novel protein foods,9.033735,0.991001,3.703845,3.361584,4.361848,186.19182,0.8655,2.08985,0.676348,0,2.66576,0.085939,22.13282,3
34001,"Soft drinks, concentrated, not low calorie",0,0,0,0,8.332201,31.289359,0.008245,8.336033,8.336033,0,0,0,0.02279,1
34101,"Soft drinks, not concentrated, not low calorie",0,0,0,0,9.882824,37.019611,0.006043,9.86582,9.86582,0,0,0,0.00601,2
34301,"Soft drinks, concentrated, low calorie",0,0,0,0,0.225235,0.845552,0.004198,0.225235,0.225235,0,0,0,0.00368,0
34401,"Soft drinks, not concentrated, low calorie",0,0,0,0,0.115623,0.468679,0.007797,0.113348,0.113348,0,0,0,0.01353,0
35001,Chocolate bars - solid,30.780415,17.888793,10.14607,1.187107,56.25318,516.835,0.079998,46.761036,47.157815,0,1.155797,17.185846,7.21546,21
35101,Chocolate bars - filled,23.671649,11.836628,9.184476,1.54971,60.863009,467.72261,0.137499,54.176475,50.877854,0,0.534094,10.747566,6.60848,22
35202,Chewing gum,0,0,0,0,72.561818,272.10682,0,58.014444,72.561818,0,0,0,0,13
35301,Mints,0.714411,0.061309,0.328329,0.254778,102.08471,391.17531,0.009576,102.08471,102.08471,0,0,0,0.48199,14
35302,Boiled sweets,0.495872,0.332778,0.120669,0.023571,82.108192,330.04595,0.030224,79.855458,79.998358,0,0,0,4.41886,12
35401,"Fudges, toffees, caramels",18.6,9.4564,7.4702,0.6503,66.7,426.325,0.34,66.7,64.7,0,0,17,2.2,26
35501,Takeaway confectionery,17.000869,9.662003,5.75282,0.724587,67.802996,433.49173,0.079263,63.189716,60.886515,0,0.419481,10.739901,6.55059,20
38102,Beers,0,0,0,0,2.131971,31.109879,0.006008,2.131971,2.131971,3.124667,0,0,0.31058,0
38202,Lagers and continental beers,0,0,0,0,0.063113,23.024623,0.00721,0.063113,0.063113,3.086397,0,0,0.29579,0
38302,Ciders and perry,0,0,0,0,2.6,36.35,0.007,2.6,2.6,3.8,0,0,0,0
38402,"Champagne, sparkling wines and wine with mixer",0,0,0,0,0.63697,83.554901,0.003993,0.63697,0.63697,8.96303,0,0,0.10068,1
38403,Table wine,0,0,0,0,0.749222,79.820405,0.005178,0.749222,0.749222,10.134232,0,0,0.10163,0
38501,Spirits with mixer,0.042573,0.008515,0.008515,0.017029,6.017094,64.67376,0.004231,6.017094,6.017094,5.87084,0.042573,0,0.25544,1
38601,Fortified wines,0,0,0,0,7.889256,110.2581,0.023912,7.889256,7.889256,11.476895,0,0,0.08378,2
38701,Spirits,0,0,0,0,0,221.9,0,0,0,31.7,0,0,0,2
38801,Liqueurs and cocktails,2.5228,1.50524,0.735939,0.095291,9.2356,245.03293,0.018581,9.2356,8.9998,26.6371,0,22.048333,0.30863,6
38901,Alcopops,0,0,0,0,11.2,67.9,0.007,11.2,11.2,3.7,0,0,0,2
100101,Meat or fish based curry with sauce,7,1.38,3.12,2.13,1.2,114,0.314,0.7,0.6,0,0,46,11.5,3
100102,Meat or fish based curry without sauce,4.3,1.56,1.77,0.68,2,128,0.579,1.6,0,0,0,44,20.4,1
100103,Vegetable or fruit based curry,8.1,1.78,3.53,2.41,6.5,106,0.367,3.1,0,0,0,5,2.3,5
100104,Dhal and dhal dishes,6.709,4.062,1.696,0.409,19.817,165.781,0.330985,3.914,0,0,3.8,16.703,7.791,1
100105,Samosas,9.3,1.09,4.97,2.82,30,217,0.39,2.7,0,0,3.3,0,5.1,-1
100106,Other Indian dishes,8.1,1.78,3.53,2.41,6.5,106,0.367,3.1,0,0,0,5,2.3,9
100107,Indian breads,7.3,0.97,3.12,2.31,50.1,285,0.604,3.1,0,0,0,5,7.8,15
100108,Indian buffet or shared meal or unspecified indian meal,23.508263,3.499449,11.114131,7.173326,110.68644,739.51271,1.338633,6.597246,0.535169,0,4.1,50.783898,27.86165,-2
100201,Chinese or Thai meat or fish based dishes excluding curry,10,1.28,5.17,3.01,19.7,194,0.259,10.9,10.7,0,0,23,7.5,4
100202,Chop suey and fu yung dishes,4.7,0.85,2.33,1.27,1.5,81,0.403,0.6,0,0,0,32,8.2,-1
100203,Chinese or Thai vegetable based main course dishes excluding curry,4.1,0.87,2.38,0.61,2,52,0.399,0.4,0.1,0,0,1,1.79,3
100204,Chinese or Thai curry,7,1.38,3.12,2.13,1.2,114,0.314,0.7,0.6,0,0,46,11.5,4
100205,Spring rolls,12.5,3.55,5.96,2.51,21,218,0.61,3,0,0,3.3,0,6.6,-5
100206,Other Chinese or Thai dishes,3.6,0.55,1.21,1.69,6.4,64,0.011,3.9,0,0,3.3,0,2,12
100207,Chinese or Thai buffet or shared meal or unspecified Chinese or Thai meal,33.949867,6.638736,16.894306,8.551843,51.366013,591.72368,1.049439,12.24517,8.79808,0,4.121,89.213245,23.25196,15
100301,All other ethnic meals,31.189443,5.808809,15.366214,8.187408,67.048425,630.79434,1.125893,10.752041,6.613632,0,4.115448,79.053763,24.47061,-1
110101,"Steak - without sauce e.g. braised, sirloin",12.7,5.14,5.78,0.91,0,228,0.071,0,0,0,0,84,28.4,3
110102,Roast meat with sauce or gravy,11.257,5.272,4.898,0.323,3.043,191.235,0.1116,0.067,0.009,0,0.139,47.955,19.656,3
110103,Pork chops with sauce or gravy,15.156,5.643,6.228,2.346,1.578,237.826,0.094237,0.035,0.005,0,0.072,71.273,23.936,4
110104,Lamb chops with sauce or gravy,23,11.408,8.3,1.256,2.84,281.953,0.11496,0.063,0.009,0,0.129,73.492,16.072,13
110105,Spare ribs,18.7,6.93,7.6,3.08,4,272,0.485,3.4,3.2,0,0,53,22.1,15
110106,Bacon,27.5,9.41,11.51,4.62,0,343,1.857,0,0,0,0,90,23.6,15
110107,Gammon or ham,4.15,1.385,1.755,0.625,0.6,119,1.1225,0.6,0.6,0,0,58,19.8,-2
110108,"All offal including liver, kidney, tongue",12.9,3.98,3.38,1.91,0,237,0.083,0,0,0,0,400,30.1,1
110201,Chicken or turkey with sauce or gravy,6.875,2.598,2.865,0.947,6.955,146.715,0.19522,0.372,0.007,0,0.572,54.369,14.654,5
110202,Chicken or turkey in breadcrumbs or batter,13,3.31,6.91,2.17,19.5,265,0.51,1.1,0,0,0.5,55,18.7,1
110203,Duck with sauce or gravy,10.571,3.998,5.009,1.028,2.434,178.102,0.125965,0.054,0.008,0,0.111,83.993,18.419,0
110204,Game with sauce or gravy,5,2.536,1.683,0.455,2.506,156.429,0.095788,0.055,0.008,0,0.114,52.022,25.487,8
110301,Small or single burgers,12.4,6.06,5.18,0.58,23.9,261,0.75,5.6,0,0,1.6,44,14.9,10
110302,Large or double burgers,14.2,6.9,6.8,0.4,15.5,250,0.676,1.2,0,0,1.8,32,16,7
110303,Chicken burger,13.748,2.378,5.435,4.763,21.954,257.472,0.461623,2.252,0.375,0,0.483,38.215,12.896,0
110401,Kebabs - all types including chicken,11.392,5.451,3.965,0.763,13.522,212.66,0.13854,2.032,0,0,0.672,53.5,14.744,13
110402,"Plain sausages e.g. beef, pork",23.9,8.67,10.54,3.55,9.9,308,1.07,1.6,1,0,0.7,53,13.9,13
110403,Other sausages,23.551,7.149,9.832,5.005,20.925,328.354,0.549626,1.948,0.054,0,0.841,69.395,9.532,9
110404,Hot dogs and sausage sandwiches,13.36,3.068,6.307,3.294,24.402,238.808,0.567277,6.339,2.008,0,2.298,13.446,6.845,1
110501,Meat pies (pastry topped) and pasties,11.325,4.53,4.733,1.192,11.818,195.966,0.266638,1.642,0.027,0,1.1,49.687,12.422,2
110502,Meat pies (potato topped e.g. shepherd's pie),7.063,2.915,3.152,0.441,10.02,129.685,0.337747,1.094,0.027,0,1.058,23.359,7.101,9
110503,Sausage roll (pastry),29.044,11.47,12.545,3.241,24.927,393.962,0.732956,2.269,0.952,0,1.628,69.689,9.758,6
110601,"Meat and vegetable stews, casseroles or hotpots",1.684,0.354,0.787,0.416,11.782,76.634,0.351986,1.654,0.048,0,1.293,4.996,4.32,1
110602,"Chicken or turkey stews, casseroles or hotpots",5.1,1.28,2.35,1.15,4.5,116,0.32,3,1.2,0,0.4,19,13.3,2
110603,"Meat lasagne, cannelloni, moussaka and other meat-based oven baked dishes",10.833,4.998,4.13,0.809,14.562,194.447,0.362494,2.563,0.027,0,1.159,33.407,10.576,9
110701,All pates,30.05,11.11,12.887,3.507,2.017,325.5,0.708333,0.467,0.2,0,0.65,121.667,12.017,11
110801,Other meat products or dishes,10.833,4.998,4.13,0.809,14.562,194.447,0.362494,2.563,0.027,0,1.159,33.407,10.576,-1
120101,"White fish - grilled, steamed, baked or boiled - without sauce",0.875,0.162,0.1,0.35,0,100,0.075,0,0,0,0,57.5,22.875,-1
120102,White fish - fried (incl in batter/breadcrumbs) - without sauce,12.366,2.192,5.768,3.282,19.174,246.739,0.179295,1.535,0,0,0.833,77.079,15.876,-2
120201,"Trout, tuna and salmon only - fresh - without sauce or dressing",13.1,2.5,5.8,4.1,0,215,0.054,0,0,0,0,60,24.2,-1
120202,"Other fatty fish - without sauce or dressing e.g. herring, mackerel, sardines",17.3,3.53,8.45,3.53,0,239,0.063,0,0,0,0,58,20.8,7
120301,"Shellfish - without sauce or dressing e.g. prawns, shrimps, oysters, crab",1.715,0.27,0.453,0.476,0,82.923,0.792808,0,0,0,0,155.346,16.904,6
120401,Kippers and other smoked fish e.g. smoked salmon,4.5,0.77,1.79,1.26,0,142,1.88,0,0,0,0,35,25.4,-3
120501,"Other fish products and unspecified 'fish' e.g. squid, sushi, crabsticks",13.1,2.5,5.8,4.1,0,215,0.054,0,0,0,0,60,24.2,3
120601,"Fish, processed, in breadcrumbs (fish fingers, fish cakes, scampi) - without sauce or dressing",14.1,3.64,4.76,5.1,15.5,238,0.45,0,0,0,0.6,32,13.2,6
120602,Fish burgers (in bun),13.211,3.823,4.557,4.05,26.614,268.965,0.531089,3.651,1.606,0,1.661,47.805,12.569,-1
120603,"Fish based pie or other dish e.g. paella, kedgeree, tuna pasta bake",2.803,1.304,0.95,0.253,12.269,100.014,0.189663,1.388,0,0,0.872,22.009,7.137,0
130101,Cottage cheese including with pineapple,4.3,2.32,1.29,0.15,3.1,100,0.3,3.1,0,0,0,16,12.6,7
130102,"Soft, continental or processed cheese e.g. brie",29.1,18.18,7.99,0.99,0,343,0.556,0,0,0,0,93,20.3,18
130103,"Cheddar, blue or other hard cheese and unspecified 'cheese'",34.9,21.68,9.83,1.12,0.1,416,0.723,0.1,0,0,0,97,25.4,17
130104,Quiche and cheese pies or pasties,27.348,12.307,10.203,2.48,22.324,391.236,0.726413,2.193,0,0,0.951,139.944,15.452,17
130105,"Other cheese dishes e.g. Welsh rarebit, cheese and biscuits",16.131,9.474,4.498,0.864,29.121,316.247,1.06211,2.828,0,0,0,41.97,15.538,10
130201,"Pizza - cheese and tomato, vegetable or unspecified 'pizza'",7.865,3.332,2.697,1.332,23.946,191.27,0.390004,3.009,0.553,0,2.028,13.264,7.669,4
130202,"Pizza - meat, fish or poultry",9.114,3.797,3.297,1.463,22.882,207.537,0.452011,2.585,0.547,0,1.807,20.478,9.926,-2
130301,Eggs - boiled or poached,10.8,3.1,4.72,1.17,0,147,0.14,0,0,0,0,385,12.5,1
130302,"Eggs - scrambled, fried, omelettes or unspecified 'egg'",20.202,4.117,8.773,4.148,0,233.434,0.153444,0,0,0,0,425.259,13.7,3
130303,Other egg dishes e.g. egg mayonnaise,14.423,5.848,5.485,1.227,10.078,197.018,0.249284,2.505,0,0,0.358,189.491,7.641,4
140101,Chips and french fries - from fast food outlet e.g. McDonalds,16.8,1.15,9.447,5.383,25.826,261.096,0.01051,0.901,0,0,2.402,0,3.153,-1
140102,Chips - served with meal e.g. from restaurant or chip shop,7.031,0.848,3.574,2.191,27.511,180.355,0.011196,0.96,0,0,2.559,0,3.359,-5
140103,Potatoes - boiled or unspecified 'potato',0.1,0.02,0,0.06,17,72,0.007,0.7,0,0,1.4,0,1.8,-1
140104,Potatoes - mashed,4.06,1.749,1.68,0.297,16.2,104.3,0.05365,0.715,0,0,1.33,14.25,1.72,0
140105,Potatoes - roast,4.692,0.567,2.378,1.466,19.466,125.073,0.007922,0.679,0,0,1.811,0,2.377,3
140106,"Saut?©ed potatoes, potato croquettes, hash browns etc.",13.1,1.66,3.34,7.46,21.6,214,0.42,0.5,0,0,1.9,0,3.7,-1
140107,Baked or jacket potatoes - without filling,4.863,3.025,1.22,0.236,29.929,170.571,0.045943,1.171,0,0,3.111,12.686,3.711,3
140108,"Other potato dishes (e.g. wedges, potato salad)",9.914,2.888,3.924,2.625,29.412,211.774,0.417237,0.57,0,0,2.394,0,3.078,-2
150101,Lettuce and cress,0.5,0.08,0.02,0.3,1.7,14,0.003,1.7,0,0,1.3,0,0.8,-1
150102,"Other green vegetables e.g. spinach, cabbage, sprouts",0.5,0.1,0.02,0.27,2.9,22,0.003,2.1,0,0,2.9,0,1.8,-5
150201,Peppers - raw or cooked,0.4,0.06,0.03,0.23,6.4,32,0.004,6.3,0,0,1.9,0,1,-1
150202,"Courgettes, marrow, aubergine, pumpkin, plantain, cucumbers",0.4,0.1,0.03,0.2,2,19,0.001,1.9,0,0,2.7,0,2,-4
150203,Peas and sweetcorn,0.9,0.17,0.1,0.46,9.7,69,0.002,5,0,0,7.3,0,6,0
150204,Baked beans and other beans (not green beans) and pulses,0.6,0.1,0.1,0.32,15.1,81,0.55,5.8,5.2,0,6.6,0,4.8,-6
150205,Tomato - fresh or raw,0.3,0.06,0.07,0.18,3.1,17,0.009,3.1,0,0,1.3,0,0.7,-1
150206,Tomato - cooked or processed,6.024,0.729,3.116,1.888,3.192,68.936,0.009268,3.192,0,0,1.339,0,0.721,-1
150301,Carrots,0.4,0.09,0.03,0.24,4.9,24,0.05,4.7,0,0,2.8,0,0.6,-2
150302,"Onions - raw, cooked or unspecified 'onions'",0.2,0.04,0.03,0.09,7.9,36,0.003,7.9,0,0,1.5,0,1.2,1
150303,Onions - fried,21.415,2.522,11.311,6.417,9.611,234.325,0.00365,9.611,0,0,1.825,0,1.46,3
150304,"Other root vegetables or tubers e.g. turnip, parsnip, radish, beetroot",3.598,0.508,1.805,0.914,13.092,88.725,0.007314,6.598,0,0,4.485,0,1.757,-4
150401,Mushrooms - raw or cooked,16.18,1.968,8.29,4.974,0.509,156.421,0.006365,0.255,0,0,2.928,0,2.291,-3
150501,Mixed vegetables or unspecified 'vegetable',0.5,0.1,0.03,0.24,6.6,42,0.096,3.6,0,0,1.9,0,3.3,-4
150502,"Other vegetables e.g. artichoke, asparagus",0.4,0.07,0.11,0.14,0.7,13,0.029,0.7,0,0,0.7,0,1.6,4
150503,Vegetables in batter or breadcrumbs and deep fried vegetables e.g. onion rings,15.867,2.616,7.734,4.28,25.206,258.972,0.150723,6.738,0,0,1.847,50.837,5.52,4
150504,Onion and other vegetable bhajis and pakora,21.4,1.9,11.84,6.52,22.4,311,0.36,7.8,0,0,6.9,0,8.6,-1
150601,"Veggie burger, bean burger, veggie sausage, nut roast",11.1,3.84,4.34,2.44,8,196,0.49,3.6,0,0,6.8,12,16.6,-2
150602,"Vegetable lasagne, vegetable cannelloni, vegetable moussaka and other oven baked vegetable based dishes",5.3,2.55,0.4,2.07,13.4,117,0.39,4.4,0,0,2.2,9,4.8,0
150603,Stuffed vegetables (e.g. stuffed pepper) and vegetable based starter,6.945,0.849,3.543,2.138,3.771,81.96,0.211336,3.522,0,0,2.162,0,1.393,2
150604,Vegetable based stews and casseroles and vegetable based pies,4.9,0.74,1.32,2.28,8,98,0.45,4.5,0,0,1.6,26,5.9,-5
160101,"Mixed salad, main course  - without dressing",0.335,0.063,0.044,0.191,2.887,17.136,0.007944,2.843,0,0,1.444,0,0.817,-2
160102,"Mixed salad, side dish - without dressing - including unspecified 'salad'",0.336,0.063,0.044,0.192,2.882,17.121,0.007939,2.838,0,0,1.436,0,0.816,-2
160103,Green salad - without dressing,0.282,0.046,0.034,0.14,1.301,10.58,0.019587,1.264,0,0,1.333,0,0.753,5
160201,Vegetable or fruit and nut salad - with dressing,9.826,1.234,1.942,6.132,12.914,143.155,0.525464,7.221,5.165,0,1.949,13.299,1.607,3
160202,"Pasta, rice, mixed bean or cereal-based salads - with dressing",10.415,1.492,2.427,5.948,12.41,155.289,0.282856,3.403,0.012,0,3.947,0,3.76,-5
160301,"Meat salad e.g. beef, lamb salads",3.81,1.617,1.676,0.228,2.007,81.578,0.025036,1.976,0,0,0.995,22.3,9.951,-5
160302,Chicken or turkey salad,2.806,0.752,1.208,0.632,1.917,72.355,0.0329,1.887,0,0,0.95,36.207,9.949,-4
160303,"Fish salad e.g. tuna, salmon salads",2.445,0.47,0.991,0.812,1.985,60.421,0.204629,1.955,0,0,0.984,47.732,7.738,0
160401,Cheese salad including ploughmans,13.715,8.431,3.832,0.55,1.832,171.623,0.284842,1.804,0,0,0.889,37.548,10.333,2
160402,Egg salad,2.515,0.696,1.018,0.394,2.316,44.304,0.035588,2.28,0,0,1.148,80.208,3.25,3
160501,"Other salads e.g. Greek, Florida, Russian",9.826,1.234,1.942,6.132,12.914,143.155,0.525464,7.221,5.165,0,1.949,13.299,1.607,13
160601,Salad buffet or buffet meal where items not specified,27.040376,7.282956,12.073543,5.865255,45.273474,499.03342,0.734564,6.575954,0.963756,0,6.864244,87.931606,21.45044,1
170101,Fried rice and risotto,12.28,1.842,6.215,3.334,13.983,200.09,0.161757,0.24,0,0,0.821,65.971,9.281,-4
170102,"All cooked rice exluding fried rice e.g. boiled, pilau, savoury",0.2,0.04,0.05,0.07,29.3,122,0.002,0,0,0,0.8,0,2.5,-1
170103,Pasta - not filled and plain noodles (including pot noodle) - without sauce,0.7,0.09,0.08,0.31,22.2,104,0,0.5,0,0,1.8,0,3.6,0
170104,"Pasta - filled e.g. ravioli, tortellini - without sauce",4.6,2.67,1.09,0.4,25.7,169,0.204,0.9,0,0,2.5,19,7.7,1
170105,"Noodles with meat, vegetables etc.",7.2,1.17,3.84,1.81,12.7,147,0.466,6.1,0,0,0,13,8.5,1
180101,Meat & fish soups,1.4,0.44,0.63,0.26,3.8,32,0.4,0.1,0.1,0,0,1,1.4,4
180102,Vegetable based soups,1.4,0.44,0.62,0.24,6.9,45,0.45,1.7,1.7,0,0.5,0,1.7,4
180103,"Chinese soups, consomm?© (meat, fish or veg)",0,0,0,0,0.1,12,0.5,0.1,0.1,0,0,0,2.9,3
180104,Other soups including unspecified 'soup',1.4,0.44,0.62,0.24,6.9,45,0.45,1.7,1.7,0,0.5,0,1.7,6
190101,Muesli and oat crunch cereals,6.2,1.1,3.14,1.61,72.3,368,0.3,22.8,14.3,0,0,0,10.2,8
190102,"Other high fibre breakfast cereals e.g. Allbran, Weetabix",2.7,0.4,0.2,1.21,74.4,348,0.3,4.8,2.2,0,0,0,11.2,6
190103,"Sweetened breakfast cereals e.g. Frosties, Sugar Puffs",0.6,0.07,0.11,0.22,94.7,381,0.6,41.9,39.3,0,0,0,5,13
190104,"Hot breakfast cereals e.g. porridge, Ready Brek",3.11,1.466,0.898,0.484,11.046,82.472,0.575182,2.334,0,0,0.754,7.162,3.261,12
190105,"Other breakfast cereals and unspecified 'cereal' e.g. Cornflakes, Rice Krispies, Special K",0.9,0.31,0.15,0.32,89.6,376,1,8.2,4.6,0,0,0,8,-3
200101,"All citrus fruit, fresh e.g. orange, grapefruit",0.1,0.02,0.02,0.04,8.5,37,0.005,8.5,0,0,1.8,0,1.1,0
200102,"Banana, fresh",0.3,0.11,0.04,0.09,23.2,95,0.001,20.9,0,0,3.1,0,1.2,0
200103,"Apples, fresh",0.1,0.02,0.01,0.05,11.8,47,0.003,11.8,0,0,2,0,0.4,0
200104,"Pears, fresh",0.1,0.02,0.01,0.05,10,40,0.003,10,0,0,2.7,0,0.3,-1
200105,"Stone fruit, fresh e.g. apricot, plum, peach, cherry, avocado",3.7,0.773,2.278,0.421,7.925,66.928,0.002237,7.925,0,0,2.465,0,1.024,-2
200106,"Grapes, fresh",0.1,0.04,0,0.04,15.4,60,0.002,15.4,0,0,0.8,0,0.4,2
200107,"Soft fruit or berries, fresh e.g. strawberries, blackberries - without cream or ice cream",0.175,0.007,0.043,0.097,5.425,26,0.00425,5.425,0,0,4.325,0,0.975,-4
200108,"Melon, fresh",0.1,0.03,0.03,0.04,2.8,13,0.005,2.8,0,0,0.6,0,0.4,0
200109,"Pineapple, fresh",0.2,0.02,0.03,0.1,10.1,41,0.002,10.1,0,0,1.3,0,0.4,2
200110,Fresh fruit salad - without cream or ice cream,0.143,0.041,0.021,0.051,26.6,104.571,0.003714,25.943,15,0,1.971,0,0.829,3
200111,"Other fresh fruit (kiwi, passion) and unspecified 'fruit'",0.5,0.16,0.01,0.2,10.6,49,0.004,10.3,0,0,2.3,0,1.1,-1
200112,Free school fruit,0.004163,9.50E-04,0.002007,7.95E-04,0.099715,0.4358,1.69E-05,0.095498,0,0,0.017523,0,0.0061,1
200201,"Dried fruit e.g. sultanas, raisins",0.5,0.175,0.15,0.075,35.25,149.5,0.0125,35.25,8.8,0,15.45,0,3.25,0
200301,"Tinned, stewed, baked or processed fruit - without cream or ice cream",0,0,0,0,15.3,60,0.005,15.3,7.6,0,1.5,0,0.6,1
210101,Yoghurt and fromage frais,1.1,0.75,0.26,0.02,13.7,78,0.062,12.7,6.6,0,0,1,4.1,12
220101,"White bread, with or without butter or margarine (toasted or untoasted)",26.623,16.549,6.874,1.132,40.023,414.923,0.691154,2.915,0,0,0,68.308,6.415,17
220102,"Brown or wholemeal bread, with or without butter or margarine (toasted or untoasted)",24.608,15.154,6.359,1.179,37.755,391.918,0.639056,3.221,0,0,0,61.953,7.199,16
220103,"White rolls, baguettes etc. without butter or margerine (or butter or margerine not specified)",1.8,0.34,0.28,0.66,56.7,265,0.663,2.9,0,0,0,0,9.2,4
220104,"Brown or wholemeal rolls, baguettes etc. without butter or margerine (or butter or margerine not specified)",2.3,0.56,0.6,0.71,55.9,274,0.599,3,0,0,0,0,11.1,6
220105,Garlic bread,18.3,9.69,5.76,1.46,45,365,0.644,2.7,0,0,0,37,7.8,13
220106,Croissant,19.7,9.76,6.09,1.61,43.3,373,0.419,5.3,0,0,0,52,8.32,12
220107,"Continental breads e.g. pitta, ciabatta, focaccio",5.882,0.825,3.768,0.757,49.91,265.277,0.362704,0.963,0,0,2.425,0,6.245,0
220108,"Muffins, crumpets",1.9,0.38,0.48,0.62,44.2,223,0.431,3.4,0,0,0,0,10,7
220109,"Fried bread, including croutons",32.2,3.15,15.72,11.85,48.5,503,0.55,3.1,0,0,3.8,0,7.9,2
220110,"Other bread, rolls, toast, unspecified 'bread' etc.",2,0.36,0.42,0.64,46.6,224,0.585,3,0,0,0,0,8.1,2
230101,Meat based sandwich on white bread or roll,8.615,2.313,2.354,3.247,21.047,194.903,0.471018,2.017,0.073,0,0.282,15.636,9.722,3
230102,Meat based sandwich on brown bread or roll,8.615,2.344,2.367,3.251,19.127,187.921,0.446145,2.192,0.073,0,0.282,15.636,9.635,4
230103,Meat based sandwich bread not specified,8.615,2.313,2.354,3.247,21.047,194.903,0.471018,2.017,0.073,0,0.282,15.636,9.722,2
230104,Chicken or turkey based sandwich on white bread or roll,6.779,1.613,1.786,2.831,17.398,178.19,0.28784,1.697,0,0,0.282,27.06,13.092,0
230105,Chicken or turkey based sandwich on brown bread or roll,6.779,1.638,1.796,2.835,15.814,172.43,0.26732,1.841,0,0,0.282,27.06,13.02,1
230106,Chicken or turkey based sandwich bread not specified,6.779,1.613,1.786,2.831,17.398,178.19,0.28784,1.697,0,0,0.282,27.06,13.092,8
230107,Bacon and egg based sandwich on white bread or roll including Bacon and Egg McMuffin,14.938,4.326,5.052,4.178,20.909,262.491,0.848571,1.411,0,0,0,104.317,12.545,11
230108,Bacon and egg based sandwich on brown bread or roll,14.938,4.357,5.065,4.183,18.942,255.335,0.823081,1.59,0,0,0,104.317,12.455,11
230109,Bacon and egg based sandwich bread not specified,15.931,4.433,5.48,4.493,20.909,271.617,0.849991,1.411,0,0,0,108.568,12.671,6
230110,Fish based sandwich on white bread or roll,7.081,1.636,1.586,3.248,21.204,182.59,0.539379,1.694,0,0,0.175,39.671,9.962,3
230111,Fish based sandwich on brown bread or roll,7.081,1.668,1.6,3.252,19.236,175.435,0.513888,1.873,0,0,0.175,39.671,9.873,3
230112,Fish based sandwich bread not specified,7.081,1.668,1.6,3.252,19.236,175.435,0.513888,1.873,0,0,0.175,39.671,9.873,3
230201,Cheese based sandwich on white bread or roll,14.314,6.554,3.689,3.038,18.632,236.058,0.458447,1.927,0,0,0.349,23.218,9.44,7
230202,Cheese based sandwich on brown bread or roll,14.314,6.58,3.7,3.041,16.947,229.931,0.436617,2.08,0,0,0.349,23.218,9.363,8
230203,Cheese based sandwich bread not specified,14.314,6.554,3.689,3.038,18.632,236.058,0.458447,1.927,0,0,0.349,23.218,9.44,8
230204,Egg based sandwich on white bread or roll including Egg McMuffin,21.948,4.37,6.04,9.922,20.323,303.024,0.431935,1.573,0.209,0,0.098,126.637,7.458,7
230205,Egg based sandwich on brown bread or roll,21.948,4.4,6.053,9.926,18.438,296.167,0.407506,1.745,0.209,0,0.098,126.637,7.372,7
230206,Egg based sandwich bread not specified,21.948,4.37,6.04,9.922,20.323,303.024,0.431935,1.573,0.209,0,0.098,126.637,7.458,7
230207,Vegetarian based sandwich on white bread or roll,10.557,3.075,3.118,3.657,20.827,196.279,0.472546,1.769,0,0,1.533,0,5.869,5
230208,Vegetarian based sandwich on brown bread or roll,10.557,3.103,3.13,3.661,19.096,189.984,0.45012,1.926,0,0,1.533,0,5.79,5
230209,Vegetarian based sandwich bread not specified,10.557,3.103,3.13,3.661,19.096,189.984,0.45012,1.926,0,0,1.533,0,5.79,6
230210,Sweet-filled sandwich,9.833,2.249,2.217,4.528,44.709,279.044,0.518737,13.73,11.25,0,0.167,0,5.917,9
230211,Unspecified sandwiches or rolls,10.210648,3.049012,2.73252,3.635857,19.581485,205.45115,0.451695,1.858683,0.038899,0,0.304628,32.901442,10.11925,5
240101,"Cheese or cream based sauce e.g. carbonara, cauliflower cheese",14.547,8.113,4.658,0.628,8.582,195.412,0.460937,3.994,0,0,0.217,46.417,8.078,7
240102,"Meat-based sauce e.g. bolognese, chilli con carne",7.509,3.008,3.409,0.495,4.222,121.156,0.305637,2.843,0.518,0,1.465,23.759,9.413,-1
240103,Fish or seafood based sauce,5.485,2.805,1.733,0.401,3.926,117.614,0.213481,1.825,0,0,0.099,43.901,13.308,-3
240104,Tomato based sauce containing vegetables including ratatouille,4.072,0.485,2.123,1.222,4.828,59.799,0.050824,4.472,0.691,0,1.042,0,1.306,2
240105,Other savoury sauce or unspecified 'sauce',11,5.743,4.281,0.347,8.52,135.858,0.200879,0.188,0.026,0,0.388,6.475,1.217,8
240106,"Sweet sauce e.g. syrup, treacle, chocolate sauce",0.2,0.12,0.06,0.01,53.9,196,0.1,51,51,0,0,1,0.8,21
240107,Fruit or vegetable based condiments,0.3,0,0,0,34.4,134,1.7,32.6,28.5,0,1.5,0,0.6,16
240108,Other condiments or sauces,0,0,0,0,24,98,1.12,22.9,19.3,0,1.1,0,2.1,17
240201,Salad dressings and dips,38.3,5.89,12.07,18.05,10.6,390,1,9.3,9.3,0,0,31,1.6,19
240202,Mayonnaise,75.6,12.07,19.58,40.62,1.7,691,0.45,1.3,1.3,0,0,75,1.1,14
240203,Coleslaw,26.374,4.211,6.807,14.172,4.174,258.298,0.162481,3.951,0.451,0,1.578,26.025,1.214,3
240301,Fruit filling e.g. peaches for pancakes,0.3,0.11,0.04,0.09,23.2,95,0.001,20.9,0,0,3.1,0,1.2,4
240302,Vegetable filling,2.1,0.32,0.71,0.99,9.4,70,0.42,2.4,0,0,3.4,0,4,7
240303,"Cheese filling including cheddar cheese, cottage cheese",34.9,21.68,9.83,1.12,0.1,416,0.723,0.1,0,0,0,97,25.4,10
240304,Fish based filling e.g. tuna mayonnaise,11.114,1.89,2.831,5.875,0.238,181.991,0.338224,0.182,0.182,0,0,54.364,20.36,11
240401,Butter and margarine,81.8,52.93,21.35,2.15,0.7,741,0.606,0.7,0,0,0,222,0.6,13
240402,"Jam, marmalade and honey",0,0,0,0,69,261,0.029,69,67.5,0,1,0,0.6,13
240403,"Cream - single, double, sour etc.",40.3,25.96,10.68,1.06,2.7,381,0.025,2.7,0,0,0,105,2,10
240404,Custard,4.539,2.798,1.142,0.158,16.111,116.893,0.06724,10.958,5.881,0,0.028,15.576,3.899,6
240405,"Sugar (as an addition to tea, coffee etc.)",0,0,0,0,105,394,0.005,105,105,0,0,0,0,15
240501,Commercial baby food in a jar or can,3,1.25,1.55,0.07,9.2,83,0.41,1.9,1.4,0,1.4,25,5.4,5
240601,Yorkshire puddings and dumplings,10.094,5.042,3.434,0.586,24.484,209.062,0.590743,3.533,0,0,0.99,66.213,6.679,14
240701,"Unspecified meal e.g. 'meal', 'school meal' or 'meal at work'",27.040376,7.282956,12.073543,5.865255,45.273474,499.03342,0.734564,6.575954,0.963756,0,6.864244,87.931606,21.45044,-2
250101,"Coffee, black including espresso",0,0,0,0,0,0,0.001,0,0,0,0,0,0,0
250102,"Coffee, white including cappuccino, latte",0.325,0.202,0.082,0.01,0.325,5.25,0.004583,0.325,0,0,0,1.083,0.283,0
250103,"Coffee, black or white not specified",0.325,0.202,0.082,0.01,0.325,5.25,0.004583,0.325,0,0,0,1.083,0.283,0
250104,"Tea, white (including black or white not specified)",0.325,0.202,0.082,0.01,0.325,5.25,0.003667,0.325,0,0,0,1.083,0.283,0
250105,"Tea, black including Chinese tea, herbal tea, fruit tea",0,0,0,0,0,0,0,0,0,0,0,0,0,0
250106,"Hot chocolate or cocoa, with milk or water",1.921,1.132,0.639,0.054,11.356,66.64,0.0425,11.356,11.356,0,0,0,1.7,2
260201,Mineral water,0,0,0,0,0,0,0,0,0,0,0,0,0,0
260202,Soft drink (incl carbonates and still) - low calorie,0,0,0,0,0,0,0.005,0,0,0,0,0,0,0
260203,Soft drink (incl carbonates & still) - not low calorie (including drinks where calorie content unspecified),0,0,0,0,10.9,41,0.005,10.9,10.9,0,0,0,0,2
260204,Pure fruit juices (EO),0.1,0.02,0.02,0.04,8.9,36,0.01,8.9,8.9,0,0.1,0,0.5,3
260205,"Vegetable juices e.g. tomato juice, carrot juice (EO)",0,0,0,0,3,15,0.23,3,3,0,0.6,0,0.8,0
260206,Soft drink where pure juice or juice drink not specified,0,0,0,0,10.9,41,0.005,10.9,10.9,0,0,0,0,2
260301,Milk as a drink,3.9,2.42,0.98,0.12,3.9,63,0.044,3.9,0,0,0,13,3.4,0
260302,Milk on cereal,3.9,2.42,0.98,0.12,3.9,63,0.044,3.9,0,0,0,13,3.4,1
260303,Milkshake and flavoured milk,1.5,0.94,0.47,0,14,82,0.06,14,8.1,0,0,5,4,1
260304,Free school milk,3.9,2.42,0.98,0.12,3.9,63,4.40E-05,3.9,0,0,0,13,3.4,2
270101,Spirits (EO),0,0,0,0,0,234,0,0,0,33.4,0,0,0,3
270102,Liqueurs,0,0,0,0,26.736,267.84,0.0086,26.736,26.736,23.908,0,0,0,6
270103,Cocktails,0,0,0,0,12.58,121.328,0.005205,12.58,12.58,10.553,0,0,0,2
270104,"Spirits or liqueurs with mixer e.g. gin & tonic, Bacardi & coke",0.041,0.008,0.008,0.016,5.541,65.333,0.006926,5.541,5.541,6.185,0.041,0,0.204,1
270201,Wine (not sparkling) including unspecified 'wine',0,0,0,0,3,74,0.011,3,3,8.9,0,0,0.1,0
270202,Sparkling wines (e.g. Champagne) and wine with mixer (e.g. Bucks Fizz),0,0,0,0,5.1,74,0.005,5.1,5.1,7.6,0,0,0.3,2
270203,"Fortified wine e.g. sherry, port, vermouth",0,0,0,0,3,108,0.011,3,3,13.8,0,0,0.1,0
270204,Cider or perry - half pint or bottle,0,0,0,0,2.6,36,0.007,2.6,2.6,3.8,0,0,0,0
270205,Cider or perry - pint or can or size not specified,0,0,0,0,2.6,36,0.007,2.6,2.6,3.8,0,0,0,0
270206,"Alcoholic soft drinks (alcopops), and ready-mixed bottled drinks",0,0,0,0,5.8,48,0.009,5.8,5.8,3.7,0,0,0,1
270301,Bitter - half pint or bottle,0,0,0,0,2.2,33,0.008,2.2,2.2,3.4,0,0,0.3,0
270302,Bitter - pint or can or size not specified,0,0,0,0,2.2,33,0.008,2.2,2.2,3.4,0,0,0.3,0
270303,Lager or other beers including unspecified 'beer' - half pint or bottle,0,0,0,0,2.4,38,0.007,2.4,2.4,4,0,0,0.3,0
270304,Lager or other beers including unspecified 'beer' - pint or can or size not specified,0,0,0,0,2.4,38,0.007,2.4,2.4,4,0,0,0.3,0
270401,"Round of drinks, alcohol not otherwise specified",0,0,0,0,5.377,47.766,0.006545,5.377,5.377,3.862,0,0,0.154,7
280101,"Solid, unfilled chocolate bars and sweets and unspecified 'chocolate'",30.7,18.05,9.65,1.1,56.8,520,0.085,56.8,46.7,0,0.8,23,7.7,21
280102,"Filled chocolate-coated bars and sweets e.g. Mars, Snickers, Minstrels",18.9,10.68,7.21,0.7,66.5,441,0.15,65.8,59.3,0,0,19,5.3,22
280103,Single chocolate (after dinner),21.3,11.3,7.96,1,62.9,447,0.088,62.7,59.1,0,1.3,11,4.9,18
280104,Chewing gum and bubble gum,0,0,0,0,59,221,0,59,59,0,0,0,0,14
280105,"Mints e.g. Polo, Extra Strong",1.1,0.1,0.54,0.41,99.9,389,0.025,99.9,99.9,0,0,0,1.1,14
280106,"Boiled sweets, jellies and unspecified 'sweets' e.g. fruit gums",0,0,0,0,79.5,324,0.03,77.6,77.6,0,0,0,6.5,14
280107,"Uncoated toffee or fudge, uncoated e.g. Toffos, chocolate eclairs, caramels",18.6,9.46,7.59,0.38,66.7,426,0.335,66.7,64.7,0,0,17,2.2,22
280108,"Pick 'n' mix, nougat, liquorice and other sweets",0,0,0,0,84.2,327,0.033,80.8,80.8,0,0,0,2.8,14
290101,"Ice cream in a cone, cornet or wafer and ice cream desserts",23.3,13.39,7.95,0.69,34.9,361,0.091,34.4,31.3,0,0.5,7,5,16
290103,Ice cream scoop or tub including ice cream served with dessert,9.8,6.18,2.91,0.21,19.8,177,0.06,19.8,15,0,0,24,3.6,8
290104,Iced lollies and sorbets,0.3,0.06,0.06,0.12,18.6,73,0.011,18.6,18.6,0,0,0,0.1,9
290201,Doughnut,14.5,3,4.02,2.69,48.8,336,0.18,18.8,13.3,0,2.5,15,5.7,4
290202,"Cream pastries e.g. chocolate eclairs, profiteroles",30.6,15.67,10.06,1.71,26.1,396,0.073,6.6,5.4,0,1.5,150,5.6,10
290203,Cream sponge or gateau (not chocolate) e.g. Victoria sandwich,17.521,9.952,4.949,0.913,43.25,342.014,0.051361,32.175,31.012,0,0.523,149.541,5.7,17
290204,Rich chocolate cake or chocolate gateau e.g. Death by Chocolate,15.7,8.53,3.72,1.04,37.2,295,0.173,19.6,16.5,0,1.1,56,3.5,15
290205,Fruit and other pies or pastries,16.288,6.934,6.725,1.18,38.668,308.122,0.351664,8.478,6.271,0,2.898,56.458,4.121,7
290206,Fruit cake,12.9,5.78,5.16,1.13,57.9,354,0.25,43.1,30.6,0,2.5,0,5.1,16
290207,Other sponge cakes or desserts (not cream cakes),25.594,8.815,11.713,2.983,55.561,453.444,0.342829,42.715,41.807,0,0.75,146.116,3.795,15
290208,Custard desserts or sweet souffl?©,3.705,2.277,0.933,0.136,17.68,112.414,0.043772,11.35,7.224,0,0.007,12.658,3.182,7
290209,Meringue desserts including pavlova,24.18,15.576,6.408,0.636,39.843,380.417,0.061087,39.843,38.223,0,0,63,3.297,20
290210,Cheesecake,16.2,5.33,4.54,0.9,35.2,294,0.146,25.2,20.2,0,0,60,4,10
290211,"Fool, trifle and mousse desserts",10.692,6.831,2.835,0.334,21.235,180.285,0.010715,16.632,15.439,0,1.292,27.469,1.068,8
290212,Jelly,0,0,0,0,20.5,78,0.005,20.5,14.7,0,1,0,0.3,4
290213,"Milk and rice puddings including tapioca, semolina",4.3,2.7,1.23,0.17,19.9,129,0.059,10.7,5.5,0,0.2,15,3.9,8
290214,"Other cakes and desserts, unspecified 'cake' or 'dessert'",16.288,6.934,6.725,1.18,38.668,308.122,0.351664,8.478,6.271,0,2.898,56.458,4.121,5
290301,Waffles and pancakes,16.027,6.551,6.556,1.619,23.455,258.13,0.142128,3.251,0,0,0.955,63.378,6.532,10
290401,"Teacakes, scones, currant buns, iced buns",8.7,2.39,4.21,1.54,56.2,315,0.617,18.9,12.8,0,0,6,6.5,9
300101,Fully-coated chocolate biscuits or wafers,26,16.18,7.58,0.69,63,500,0.12,50.1,42.5,0,0,12,7.5,24
300102,Sweet biscuits including half-coated chocolate biscuits,23.4,7.46,9.99,1.98,62.2,469,0.36,24.1,23.8,0,1.5,22,6.2,12
300103,Cereal bars and cereal based cakes,22.2,4.48,11.37,5.35,60.5,468,0.074,32.3,28,0,4.6,0,10.4,12
300104,Savoury biscuits,16.3,5.77,4.38,5.32,68.3,440,0.61,0,0,0,6.1,0,9.5,6
310101,"Nuts, nut products and seeds",53,9.5,24.2,16.5,7.1,602,0.4,3.8,0,0,6.9,0,24.5,14
310102,"Potato crisps or snacks including unspecified 'crisps', prawn crackers",34.2,14.03,13.68,4.97,53.3,530,0.84,0.7,0,0,11.6,0,5.7,18
310103,"Cornsnacks, based on maize",31.9,11.77,12.91,5.78,59.3,537,1.13,4.6,0,0,2.1,0,7,21
310104,Wheat based savoury snack,28,17.24,7.71,1.76,51.8,488,0.935,2.2,0,0,5.7,46,10.4,5
310201,Popcorn,20,1.72,9.48,7.01,77.6,480,0.056,62.1,61.8,0,1.8,18,2.1,15
310301,Other savoury snacks (including hors d'oeuvres),16.246,5.924,7.152,1.933,13.365,244.639,0.402103,0.287,0.012,0,0.53,57.59,12.12,0
