location_id,location,disease,time,age_group_id,age_group,age,is_filled,gender_id,gender,measure_id,measure,mean,lower,upper
356,India,Psoriasis,2019,5,1 to 4,1,False,1,Male,5,Prevalence,0.001194405011024237,0.000990033394139128,0.0008238750826221767
356,India,Psoriasis,2019,5,1 to 4,2,True,1,Male,5,Prevalence,0.001235972367612685,0.000990033394139128,0.0008238750826221767
356,India,Psoriasis,2019,5,1 to 4,3,True,1,Male,5,Prevalence,0.0012957509652319374,0.000990033394139128,0.0008238750826221767
356,India,Psoriasis,2019,5,1 to 4,4,True,1,Male,5,Prevalence,0.0013709327575773516,0.000990033394139128,0.0008238750826221767
356,India,Psoriasis,2019,5,1 to 4,1,False,1,Male,6,Incidence,0.001194405011024237,0.000406526203316117,0.0003318775699598164
356,India,Psoriasis,2019,5,1 to 4,2,True,1,Male,6,Incidence,0.0001582005509979682,0.000406526203316117,0.0003318775699598164
356,India,Psoriasis,2019,5,1 to 4,3,True,1,Male,6,Incidence,0.0001817856078639032,0.000406526203316117,0.0003318775699598164
356,India,Psoriasis,2019,5,1 to 4,4,True,1,Male,6,Incidence,0.0002047441563671148,0.000406526203316117,0.0003318775699598164
356,India,Psoriasis,2019,5,1 to 4,1,False,1,Male,7,remission,0.09674603877000014,0.12852652668365605,0.09881157223983111
356,India,Psoriasis,2019,5,1 to 4,2,True,1,Male,7,remission,0.0974914185756867,0.12852652668365605,0.09881157223983111
356,India,Psoriasis,2019,5,1 to 4,3,True,1,Male,7,remission,0.09853159459521516,0.12852652668365605,0.09881157223983111
356,India,Psoriasis,2019,5,1 to 4,4,True,1,Male,7,remission,0.09978542949440784,0.12852652668365605,0.09881157223983111
356,India,Psoriasis,2019,5,1 to 4,1,False,1,Male,15,mortality,0,0,0
356,India,Psoriasis,2019,5,1 to 4,2,True,1,Male,15,mortality,0,0,0
356,India,Psoriasis,2019,5,1 to 4,3,True,1,Male,15,mortality,0,0,0
356,India,Psoriasis,2019,5,1 to 4,4,True,1,Male,15,mortality,0,0,0
356,India,Psoriasis,2019,5,1 to 4,1,False,2,Female,5,Prevalence,0.0012439259684736347,0.0010263281456199624,0.0008579433763759356
356,India,Psoriasis,2019,5,1 to 4,2,True,2,Female,5,Prevalence,0.001287224036391943,0.0010263281456199624,0.0008579433763759356
356,India,Psoriasis,2019,5,1 to 4,3,True,2,Female,5,Prevalence,0.0013495021159195106,0.0010263281456199624,0.0008579433763759356
356,India,Psoriasis,2019,5,1 to 4,4,True,2,Female,5,Prevalence,0.0014278464124042954,0.0010263281456199624,0.0008579433763759356
356,India,Psoriasis,2019,5,1 to 4,1,False,2,Female,6,Incidence,0.0012439259684736347,0.00042044595399392957,0.0003469808146671954
356,India,Psoriasis,2019,5,1 to 4,2,True,2,Female,6,Incidence,0.00016525928248582234,0.00042044595399392957,0.0003469808146671954
356,India,Psoriasis,2019,5,1 to 4,3,True,2,Female,6,Incidence,0.00018985543657691224,0.00042044595399392957,0.0003469808146671954
356,India,Psoriasis,2019,5,1 to 4,4,True,2,Female,6,Incidence,0.00021381987723805262,0.00042044595399392957,0.0003469808146671954
356,India,Psoriasis,2019,5,1 to 4,1,False,2,Female,7,remission,0.09713479439387573,0.12928580818639612,0.09914830401612926
356,India,Psoriasis,2019,5,1 to 4,2,True,2,Female,7,remission,0.09788013703411906,0.12928580818639612,0.09914830401612926
356,India,Psoriasis,2019,5,1 to 4,3,True,2,Female,7,remission,0.0989205973226342,0.12928580818639612,0.09914830401612926
356,India,Psoriasis,2019,5,1 to 4,4,True,2,Female,7,remission,0.10017548604167775,0.12928580818639612,0.09914830401612926
356,India,Psoriasis,2019,5,1 to 4,1,False,2,Female,15,mortality,0,0,0
356,India,Psoriasis,2019,5,1 to 4,2,True,2,Female,15,mortality,0,0,0
356,India,Psoriasis,2019,5,1 to 4,3,True,2,Female,15,mortality,0,0,0
356,India,Psoriasis,2019,5,1 to 4,4,True,2,Female,15,mortality,0,0,0
356,India,Psoriasis,2019,6,5 to 9,5,False,1,Male,5,Prevalence,0.0014581964445764056,0.0019754762892767877,0.0016264270266398329
356,India,Psoriasis,2019,6,5 to 9,6,True,1,Male,5,Prevalence,0.0015539941480748052,0.0019754762892767877,0.0016264270266398329
356,India,Psoriasis,2019,6,5 to 9,7,True,1,Male,5,Prevalence,0.0016548319061266033,0.0019754762892767877,0.0016264270266398329
356,India,Psoriasis,2019,6,5 to 9,8,True,1,Male,5,Prevalence,0.0017575136730967045,0.0019754762892767877,0.0016264270266398329
356,India,Psoriasis,2019,6,5 to 9,9,True,1,Male,5,Prevalence,0.0018593273586396993,0.0019754762892767877,0.0016264270266398329
356,India,Psoriasis,2019,6,5 to 9,5,False,1,Male,6,Incidence,0.0002262611489257192,0.0003797400159189647,0.00029747095636861634
356,India,Psoriasis,2019,6,5 to 9,6,True,1,Male,6,Incidence,0.00024573058628208044,0.0003797400159189647,0.00029747095636861634
356,India,Psoriasis,2019,6,5 to 9,7,True,1,Male,6,Incidence,0.0002627762198078231,0.0003797400159189647,0.00029747095636861634
356,India,Psoriasis,2019,6,5 to 9,8,True,1,Male,6,Incidence,0.0002772505886091703,0.0003797400159189647,0.00029747095636861634
356,India,Psoriasis,2019,6,5 to 9,9,True,1,Male,6,Incidence,0.00028921518155526345,0.0003797400159189647,0.00029747095636861634
356,India,Psoriasis,2019,6,5 to 9,5,False,1,Male,7,remission,0.10116271008865337,0.12287321914421269,0.0943989579196603
356,India,Psoriasis,2019,6,5 to 9,6,True,1,Male,7,remission,0.1025750404705526,0.12287321914421269,0.0943989579196603
356,India,Psoriasis,2019,6,5 to 9,7,True,1,Male,7,remission,0.10394512054521256,0.12287321914421269,0.0943989579196603
356,India,Psoriasis,2019,6,5 to 9,8,True,1,Male,7,remission,0.10521311431961587,0.12287321914421269,0.0943989579196603
356,India,Psoriasis,2019,6,5 to 9,9,True,1,Male,7,remission,0.10633954047533294,0.12287321914421269,0.0943989579196603
356,India,Psoriasis,2019,6,5 to 9,5,False,1,Male,15,mortality,0,0,0
356,India,Psoriasis,2019,6,5 to 9,6,True,1,Male,15,mortality,0,0,0
356,India,Psoriasis,2019,6,5 to 9,7,True,1,Male,15,mortality,0,0,0
356,India,Psoriasis,2019,6,5 to 9,8,True,1,Male,15,mortality,0,0,0
356,India,Psoriasis,2019,6,5 to 9,9,True,1,Male,15,mortality,0,0,0
356,India,Psoriasis,2019,6,5 to 9,5,False,2,Female,5,Prevalence,0.0015188098893265582,0.0020457900909030356,0.001693201689528881
356,India,Psoriasis,2019,6,5 to 9,6,True,2,Female,5,Prevalence,0.0016187090543674622,0.0020457900909030356,0.001693201689528881
356,India,Psoriasis,2019,6,5 to 9,7,True,2,Female,5,Prevalence,0.0017239140813362145,0.0020457900909030356,0.001693201689528881
356,India,Psoriasis,2019,6,5 to 9,8,True,2,Female,5,Prevalence,0.0018311008493122278,0.0020457900909030356,0.001693201689528881
356,India,Psoriasis,2019,6,5 to 9,9,True,2,Female,5,Prevalence,0.0019374427194415631,0.0020457900909030356,0.001693201689528881
356,India,Psoriasis,2019,6,5 to 9,5,False,2,Female,6,Incidence,0.0002363061657880051,0.00039565118770379224,0.0003110108856430052
356,India,Psoriasis,2019,6,5 to 9,6,True,2,Female,6,Incidence,0.0002566843795195409,0.00039565118770379224,0.0003110108856430052
356,India,Psoriasis,2019,6,5 to 9,7,True,2,Female,6,Incidence,0.00027456248110973756,0.00039565118770379224,0.0003110108856430052
356,India,Psoriasis,2019,6,5 to 9,8,True,2,Female,6,Incidence,0.000289785129594631,0.00039565118770379224,0.0003110108856430052
356,India,Psoriasis,2019,6,5 to 9,9,True,2,Female,6,Incidence,0.00030241283512306456,0.00039565118770379224,0.0003110108856430052
356,India,Psoriasis,2019,6,5 to 9,5,False,2,Female,7,remission,0.10155523640005794,0.12235461942171932,0.09517047937779127
356,India,Psoriasis,2019,6,5 to 9,6,True,2,Female,7,remission,0.10297230799170848,0.12235461942171932,0.09517047937779127
356,India,Psoriasis,2019,6,5 to 9,7,True,2,Female,7,remission,0.10435044945913956,0.12235461942171932,0.09517047937779127
356,India,Psoriasis,2019,6,5 to 9,8,True,2,Female,7,remission,0.10563101660611875,0.12235461942171932,0.09517047937779127
356,India,Psoriasis,2019,6,5 to 9,9,True,2,Female,7,remission,0.10677577735160233,0.12235461942171932,0.09517047937779127
356,India,Psoriasis,2019,6,5 to 9,5,False,2,Female,15,mortality,0,0,0
356,India,Psoriasis,2019,6,5 to 9,6,True,2,Female,15,mortality,0,0,0
356,India,Psoriasis,2019,6,5 to 9,7,True,2,Female,15,mortality,0,0,0
356,India,Psoriasis,2019,6,5 to 9,8,True,2,Female,15,mortality,0,0,0
356,India,Psoriasis,2019,6,5 to 9,9,True,2,Female,15,mortality,0,0,0
356,India,Psoriasis,2019,7,10 to 14,10,False,1,Male,5,Prevalence,0.001958162225077031,0.0025402532339288976,0.002106629652181714
356,India,Psoriasis,2019,7,10 to 14,11,True,1,Male,5,Prevalence,0.002052557436915908,0.0025402532339288976,0.002106629652181714
356,India,Psoriasis,2019,7,10 to 14,12,True,1,Male,5,Prevalence,0.0021416899335755767,0.0025402532339288976,0.002106629652181714
356,India,Psoriasis,2019,7,10 to 14,13,True,1,Male,5,Prevalence,0.002225315080899107,0.0025402532339288976,0.002106629652181714
356,India,Psoriasis,2019,7,10 to 14,14,True,1,Male,5,Prevalence,0.0023036756026156135,0.0025402532339288976,0.002106629652181714
356,India,Psoriasis,2019,7,10 to 14,10,False,1,Male,6,Incidence,0.0002989054867827434,0.0003626449945034698,0.00027214721321064584
356,India,Psoriasis,2019,7,10 to 14,11,True,1,Male,6,Incidence,0.00030668580268230583,0.0003626449945034698,0.00027214721321064584
356,India,Psoriasis,2019,7,10 to 14,12,True,1,Male,6,Incidence,0.0003129995501121088,0.0003626449945034698,0.00027214721321064584
356,India,Psoriasis,2019,7,10 to 14,13,True,1,Male,6,Incidence,0.0003183209265293222,0.0003626449945034698,0.00027214721321064584
356,India,Psoriasis,2019,7,10 to 14,14,True,1,Male,6,Incidence,0.0003231128337697021,0.0003626449945034698,0.00027214721321064584
356,India,Psoriasis,2019,7,10 to 14,10,False,1,Male,7,remission,0.10730485746316117,0.12374312254186214,0.09658651271122062
356,India,Psoriasis,2019,7,10 to 14,11,True,1,Male,7,remission,0.10810649269946031,0.12374312254186214,0.09658651271122062
356,India,Psoriasis,2019,7,10 to 14,12,True,1,Male,7,remission,0.10875437631285716,0.12374312254186214,0.09658651271122062
356,India,Psoriasis,2019,7,10 to 14,13,True,1,Male,7,remission,0.10926606639603909,0.12374312254186214,0.09658651271122062
356,India,Psoriasis,2019,7,10 to 14,14,True,1,Male,7,remission,0.10966235131646059,0.12374312254186214,0.09658651271122062
356,India,Psoriasis,2019,7,10 to 14,10,False,1,Male,15,mortality,0,0,0
356,India,Psoriasis,2019,7,10 to 14,11,True,1,Male,15,mortality,0,0,0
356,India,Psoriasis,2019,7,10 to 14,12,True,1,Male,15,mortality,0,0,0
356,India,Psoriasis,2019,7,10 to 14,13,True,1,Male,15,mortality,0,0,0
356,India,Psoriasis,2019,7,10 to 14,14,True,1,Male,15,mortality,0,0,0
356,India,Psoriasis,2019,7,10 to 14,10,False,2,Female,5,Prevalence,0.0020407311191017368,0.0026460469319850633,0.002186610614433808
356,India,Psoriasis,2019,7,10 to 14,11,True,2,Female,5,Prevalence,0.0021394249113853483,0.0026460469319850633,0.002186610614433808
356,India,Psoriasis,2019,7,10 to 14,12,True,2,Female,5,Prevalence,0.0022326372329302953,0.0026460469319850633,0.002186610614433808
356,India,Psoriasis,2019,7,10 to 14,13,True,2,Female,5,Prevalence,0.0023200739468186467,0.0026460469319850633,0.002186610614433808
356,India,Psoriasis,2019,7,10 to 14,14,True,2,Female,5,Prevalence,0.0024019399292686885,0.0026460469319850633,0.002186610614433808
356,India,Psoriasis,2019,7,10 to 14,10,False,2,Female,6,Incidence,0.00031268540134124625,0.00037753363809716847,0.0002865511630438551
356,India,Psoriasis,2019,7,10 to 14,11,True,2,Female,6,Incidence,0.00032097478322548595,0.00037753363809716847,0.0002865511630438551
356,India,Psoriasis,2019,7,10 to 14,12,True,2,Female,6,Incidence,0.00032773340358895113,0.00037753363809716847,0.0002865511630438551
356,India,Psoriasis,2019,7,10 to 14,13,True,2,Female,6,Incidence,0.00033344407137371284,0.00037753363809716847,0.0002865511630438551
356,India,Psoriasis,2019,7,10 to 14,14,True,2,Female,6,Incidence,0.00033857667360325357,0.00037753363809716847,0.0002865511630438551
356,India,Psoriasis,2019,7,10 to 14,10,False,2,Female,7,remission,0.10776638170079629,0.12458959989502755,0.0965755579379783
356,India,Psoriasis,2019,7,10 to 14,11,True,2,Female,7,remission,0.1086012584601796,0.12458959989502755,0.0965755579379783
356,India,Psoriasis,2019,7,10 to 14,12,True,2,Female,7,remission,0.1092910154461401,0.12458959989502755,0.0965755579379783
356,India,Psoriasis,2019,7,10 to 14,13,True,2,Female,7,remission,0.1098534478503745,0.12458959989502755,0.0965755579379783
356,India,Psoriasis,2019,7,10 to 14,14,True,2,Female,7,remission,0.11030905656464797,0.12458959989502755,0.0965755579379783
356,India,Psoriasis,2019,7,10 to 14,10,False,2,Female,15,mortality,0,0,0
356,India,Psoriasis,2019,7,10 to 14,11,True,2,Female,15,mortality,0,0,0
356,India,Psoriasis,2019,7,10 to 14,12,True,2,Female,15,mortality,0,0,0
356,India,Psoriasis,2019,7,10 to 14,13,True,2,Female,15,mortality,0,0,0
356,India,Psoriasis,2019,7,10 to 14,14,True,2,Female,15,mortality,0,0,0
356,India,Psoriasis,2019,8,15 to 19,15,False,1,Male,5,Prevalence,0.002377393638499561,0.0027625540361233183,0.0023061178561525958
356,India,Psoriasis,2019,8,15 to 19,16,True,1,Male,5,Prevalence,0.002447358348324389,0.0027625540361233183,0.0023061178561525958
356,India,Psoriasis,2019,8,15 to 19,17,True,1,Male,5,Prevalence,0.0025146182764160616,0.0027625540361233183,0.0023061178561525958
356,India,Psoriasis,2019,8,15 to 19,18,True,1,Male,5,Prevalence,0.002580284529160192,0.0027625540361233183,0.0023061178561525958
356,India,Psoriasis,2019,8,15 to 19,19,True,1,Male,5,Prevalence,0.002645448207090267,0.0027625540361233183,0.0023061178561525958
356,India,Psoriasis,2019,8,15 to 19,15,False,1,Male,6,Incidence,0.0003277942868396535,0.0003631738486220346,0.0002704168262173777
356,India,Psoriasis,2019,8,15 to 19,16,True,1,Male,6,Incidence,0.00033271848440826596,0.0003631738486220346,0.0002704168262173777
356,India,Psoriasis,2019,8,15 to 19,17,True,1,Male,6,Incidence,0.0003381609539240178,0.0003631738486220346,0.0002704168262173777
356,India,Psoriasis,2019,8,15 to 19,18,True,1,Male,6,Incidence,0.00034431604673832507,0.0003631738486220346,0.0002704168262173777
356,India,Psoriasis,2019,8,15 to 19,19,True,1,Male,6,Incidence,0.0003512996363669688,0.0003631738486220346,0.0002704168262173777
356,India,Psoriasis,2019,8,15 to 19,15,False,1,Male,7,remission,0.1099638850916393,0.1250815185157665,0.0979814130660702
356,India,Psoriasis,2019,8,15 to 19,16,True,1,Male,7,remission,0.11018906063050075,0.1250815185157665,0.0979814130660702
356,India,Psoriasis,2019,8,15 to 19,17,True,1,Male,7,remission,0.11035303636003725,0.1250815185157665,0.0979814130660702
356,India,Psoriasis,2019,8,15 to 19,18,True,1,Male,7,remission,0.11046764957348194,0.1250815185157665,0.0979814130660702
356,India,Psoriasis,2019,8,15 to 19,19,True,1,Male,7,remission,0.11054188101996276,0.1250815185157665,0.0979814130660702
356,India,Psoriasis,2019,8,15 to 19,15,False,1,Male,15,mortality,0,0,0
356,India,Psoriasis,2019,8,15 to 19,16,True,1,Male,15,mortality,0,0,0
356,India,Psoriasis,2019,8,15 to 19,17,True,1,Male,15,mortality,0,0,0
356,India,Psoriasis,2019,8,15 to 19,18,True,1,Male,15,mortality,0,0,0
356,India,Psoriasis,2019,8,15 to 19,19,True,1,Male,15,mortality,0,0,0
356,India,Psoriasis,2019,8,15 to 19,15,False,2,Female,5,Prevalence,0.0024788286550442924,0.0028820386213446406,0.0024096443797727058
356,India,Psoriasis,2019,8,15 to 19,16,True,2,Female,5,Prevalence,0.0025516079388309882,0.0028820386213446406,0.0024096443797727058
356,India,Psoriasis,2019,8,15 to 19,17,True,2,Female,5,Prevalence,0.0026213112740281013,0.0028820386213446406,0.0024096443797727058
356,India,Psoriasis,2019,8,15 to 19,18,True,2,Female,5,Prevalence,0.0026890408467731344,0.0028820386213446406,0.0024096443797727058
356,India,Psoriasis,2019,8,15 to 19,19,True,2,Female,5,Prevalence,0.002755885529571954,0.0028820386213446406,0.0024096443797727058
356,India,Psoriasis,2019,8,15 to 19,15,False,2,Female,6,Incidence,0.00034355497846542916,0.0003825834580740202,0.00028528389490815734
356,India,Psoriasis,2019,8,15 to 19,16,True,2,Female,6,Incidence,0.00034873473261119107,0.0003825834580740202,0.00028528389490815734
356,India,Psoriasis,2019,8,15 to 19,17,True,2,Female,6,Incidence,0.0003543923552975323,0.0003825834580740202,0.00028528389490815734
356,India,Psoriasis,2019,8,15 to 19,18,True,2,Female,6,Incidence,0.00036072231988087104,0.0003825834580740202,0.00028528389490815734
356,India,Psoriasis,2019,8,15 to 19,19,True,2,Female,6,Incidence,0.0003678408627042925,0.0003825834580740202,0.00028528389490815734
356,India,Psoriasis,2019,8,15 to 19,15,False,2,Female,7,remission,0.11067764477777338,0.1252346302209289,0.09926816813721401
356,India,Psoriasis,2019,8,15 to 19,16,True,2,Female,7,remission,0.11097620427151866,0.1252346302209289,0.09926816813721401
356,India,Psoriasis,2019,8,15 to 19,17,True,2,Female,7,remission,0.1112180070591864,0.1252346302209289,0.09926816813721401
356,India,Psoriasis,2019,8,15 to 19,18,True,2,Female,7,remission,0.11141262945211361,0.1252346302209289,0.09926816813721401
356,India,Psoriasis,2019,8,15 to 19,19,True,2,Female,7,remission,0.11156656142302906,0.1252346302209289,0.09926816813721401
356,India,Psoriasis,2019,8,15 to 19,15,False,2,Female,15,mortality,0,0,0
356,India,Psoriasis,2019,8,15 to 19,16,True,2,Female,15,mortality,0,0,0
356,India,Psoriasis,2019,8,15 to 19,17,True,2,Female,15,mortality,0,0,0
356,India,Psoriasis,2019,8,15 to 19,18,True,2,Female,15,mortality,0,0,0
356,India,Psoriasis,2019,8,15 to 19,19,True,2,Female,15,mortality,0,0,0
356,India,Psoriasis,2019,9,20 to 24,20,False,1,Male,5,Prevalence,0.0027111136631119068,0.0030049181370372965,0.00252298622868361
356,India,Psoriasis,2019,9,20 to 24,21,True,1,Male,5,Prevalence,0.0027781479697326743,0.0030049181370372965,0.00252298622868361
356,India,Psoriasis,2019,9,20 to 24,22,True,1,Male,5,Prevalence,0.0028472462745859992,0.0030049181370372965,0.00252298622868361
356,India,Psoriasis,2019,9,20 to 24,23,True,1,Male,5,Prevalence,0.0029189122790318476,0.0030049181370372965,0.00252298622868361
356,India,Psoriasis,2019,9,20 to 24,24,True,1,Male,5,Prevalence,0.0029934527096838314,0.0030049181370372965,0.00252298622868361
356,India,Psoriasis,2019,9,20 to 24,20,False,1,Male,6,Incidence,0.00035915601308307343,0.00043223539089049505,0.0003174171086191383
356,India,Psoriasis,2019,9,20 to 24,21,True,1,Male,6,Incidence,0.0003678674051517435,0.00043223539089049505,0.0003174171086191383
356,India,Psoriasis,2019,9,20 to 24,22,True,1,Male,6,Incidence,0.0003773650391590536,0.00043223539089049505,0.0003174171086191383
356,India,Psoriasis,2019,9,20 to 24,23,True,1,Male,6,Incidence,0.0003875410169144118,0.00043223539089049505,0.0003174171086191383
356,India,Psoriasis,2019,9,20 to 24,24,True,1,Male,6,Incidence,0.00039826047979886833,0.00043223539089049505,0.0003174171086191383
356,India,Psoriasis,2019,9,20 to 24,20,False,1,Male,7,remission,0.11058255748364225,0.12455299461003627,0.09707487344506117
356,India,Psoriasis,2019,9,20 to 24,21,True,1,Male,7,remission,0.11059505629081368,0.12455299461003627,0.09707487344506117
356,India,Psoriasis,2019,9,20 to 24,22,True,1,Male,7,remission,0.1105838716063432,0.12455299461003627,0.09707487344506117
356,India,Psoriasis,2019,9,20 to 24,23,True,1,Male,7,remission,0.1105529895890982,0.12455299461003627,0.09707487344506117
356,India,Psoriasis,2019,9,20 to 24,24,True,1,Male,7,remission,0.11050608271418606,0.12455299461003627,0.09707487344506117
356,India,Psoriasis,2019,9,20 to 24,20,False,1,Male,15,mortality,0,0,0
356,India,Psoriasis,2019,9,20 to 24,21,True,1,Male,15,mortality,0,0,0
356,India,Psoriasis,2019,9,20 to 24,22,True,1,Male,15,mortality,0,0,0
356,India,Psoriasis,2019,9,20 to 24,23,True,1,Male,15,mortality,0,0,0
356,India,Psoriasis,2019,9,20 to 24,24,True,1,Male,15,mortality,0,0,0
356,India,Psoriasis,2019,9,20 to 24,20,False,2,Female,5,Prevalence,0.0028228551779355946,0.003140322514781612,0.002632330136819171
356,India,Psoriasis,2019,9,20 to 24,21,True,2,Female,5,Prevalence,0.002890831306968891,0.003140322514781612,0.002632330136819171
356,India,Psoriasis,2019,9,20 to 24,22,True,2,Female,5,Prevalence,0.0029605335104797154,0.003140322514781612,0.002632330136819171
356,India,Psoriasis,2019,9,20 to 24,23,True,2,Female,5,Prevalence,0.0030325005677146375,0.003140322514781612,0.002632330136819171
356,India,Psoriasis,2019,9,20 to 24,24,True,2,Female,5,Prevalence,0.0031070848738035447,0.003140322514781612,0.002632330136819171
356,India,Psoriasis,2019,9,20 to 24,20,False,2,Female,6,Incidence,0.00037579381269831844,0.00045445068159535217,0.0003342431772015368
356,India,Psoriasis,2019,9,20 to 24,21,True,2,Female,6,Incidence,0.0003845668141440055,0.00045445068159535217,0.0003342431772015368
356,India,Psoriasis,2019,9,20 to 24,22,True,2,Female,6,Incidence,0.0003940967536147845,0.00045445068159535217,0.0003342431772015368
356,India,Psoriasis,2019,9,20 to 24,23,True,2,Female,6,Incidence,0.0004042836259982089,0.00045445068159535217,0.0003342431772015368
356,India,Psoriasis,2019,9,20 to 24,24,True,2,Female,6,Incidence,0.00041500232140489373,0.00045445068159535217,0.0003342431772015368
356,India,Psoriasis,2019,9,20 to 24,20,False,2,Female,7,remission,0.11168407261529678,0.12654244478801216,0.0986005648074754
356,India,Psoriasis,2019,9,20 to 24,21,True,2,Female,7,remission,0.11176808188894592,0.12654244478801216,0.0986005648074754
356,India,Psoriasis,2019,9,20 to 24,22,True,2,Female,7,remission,0.1118208738404652,0.12654244478801216,0.0986005648074754
356,India,Psoriasis,2019,9,20 to 24,23,True,2,Female,7,remission,0.11184459570164669,0.12654244478801216,0.0986005648074754
356,India,Psoriasis,2019,9,20 to 24,24,True,2,Female,7,remission,0.11184153571200212,0.12654244478801216,0.0986005648074754
356,India,Psoriasis,2019,9,20 to 24,20,False,2,Female,15,mortality,0,0,0
356,India,Psoriasis,2019,9,20 to 24,21,True,2,Female,15,mortality,0,0,0
356,India,Psoriasis,2019,9,20 to 24,22,True,2,Female,15,mortality,0,0,0
356,India,Psoriasis,2019,9,20 to 24,23,True,2,Female,15,mortality,0,0,0
356,India,Psoriasis,2019,9,20 to 24,24,True,2,Female,15,mortality,0,0,0
356,India,Psoriasis,2019,10,25 to 29,25,False,1,Male,5,Prevalence,0.0030709842702942892,0.0034643218943647526,0.0029048642914495182
356,India,Psoriasis,2019,10,25 to 29,26,True,1,Male,5,Prevalence,0.0031514511472002706,0.0034643218943647526,0.0029048642914495182
356,India,Psoriasis,2019,10,25 to 29,27,True,1,Male,5,Prevalence,0.0032346507410129116,0.0034643218943647526,0.0029048642914495182
356,India,Psoriasis,2019,10,25 to 29,28,True,1,Male,5,Prevalence,0.0033202649837184312,0.0034643218943647526,0.0029048642914495182
356,India,Psoriasis,2019,10,25 to 29,29,True,1,Male,5,Prevalence,0.003407894444951256,0.0034643218943647526,0.0029048642914495182
356,India,Psoriasis,2019,10,25 to 29,25,False,1,Male,6,Incidence,0.000409373581633104,0.0005213343652811348,0.00039639913239920946
356,India,Psoriasis,2019,10,25 to 29,26,True,1,Male,6,Incidence,0.00042072676767427073,0.0005213343652811348,0.00039639913239920946
356,India,Psoriasis,2019,10,25 to 29,27,True,1,Male,6,Incidence,0.00043217283245675303,0.0005213343652811348,0.00039639913239920946
356,India,Psoriasis,2019,10,25 to 29,28,True,1,Male,6,Incidence,0.00044357925369943195,0.0005213343652811348,0.00039639913239920946
356,India,Psoriasis,2019,10,25 to 29,29,True,1,Male,6,Incidence,0.0004548343944877475,0.0005213343652811348,0.00039639913239920946
356,India,Psoriasis,2019,10,25 to 29,25,False,1,Male,7,remission,0.11044656877186922,0.12441221313406073,0.09685032146192642
356,India,Psoriasis,2019,10,25 to 29,26,True,1,Male,7,remission,0.11037759091165487,0.12441221313406073,0.09685032146192642
356,India,Psoriasis,2019,10,25 to 29,27,True,1,Male,7,remission,0.11030196910534155,0.12441221313406073,0.09685032146192642
356,India,Psoriasis,2019,10,25 to 29,28,True,1,Male,7,remission,0.11022215861258335,0.12441221313406073,0.09685032146192642
356,India,Psoriasis,2019,10,25 to 29,29,True,1,Male,7,remission,0.11014023408817375,0.12441221313406073,0.09685032146192642
356,India,Psoriasis,2019,10,25 to 29,25,False,1,Male,15,mortality,0,0,0
356,India,Psoriasis,2019,10,25 to 29,26,True,1,Male,15,mortality,0,0,0
356,India,Psoriasis,2019,10,25 to 29,27,True,1,Male,15,mortality,0,0,0
356,India,Psoriasis,2019,10,25 to 29,28,True,1,Male,15,mortality,0,0,0
356,India,Psoriasis,2019,10,25 to 29,29,True,1,Male,15,mortality,0,0,0
356,India,Psoriasis,2019,10,25 to 29,25,False,2,Female,5,Prevalence,0.0031844585249040454,0.0035906511237864184,0.003011823352974629
356,India,Psoriasis,2019,10,25 to 29,26,True,2,Female,5,Prevalence,0.0032646290674151674,0.0035906511237864184,0.003011823352974629
356,India,Psoriasis,2019,10,25 to 29,27,True,2,Female,5,Prevalence,0.003347462622044276,0.0035906511237864184,0.003011823352974629
356,India,Psoriasis,2019,10,25 to 29,28,True,2,Female,5,Prevalence,0.0034327118841990557,0.0035906511237864184,0.003011823352974629
356,India,Psoriasis,2019,10,25 to 29,29,True,2,Female,5,Prevalence,0.003520046444303196,0.0035906511237864184,0.003011823352974629
356,India,Psoriasis,2019,10,25 to 29,25,False,2,Female,6,Incidence,0.0004261139093967286,0.000537561598218902,0.0004084564232635558
356,India,Psoriasis,2019,10,25 to 29,26,True,2,Female,6,Incidence,0.00043747600781034835,0.000537561598218902,0.0004084564232635558
356,India,Psoriasis,2019,10,25 to 29,27,True,2,Female,6,Incidence,0.00044895182278292063,0.000537561598218902,0.0004084564232635558
356,India,Psoriasis,2019,10,25 to 29,28,True,2,Female,6,Incidence,0.00046041748497885094,0.000537561598218902,0.0004084564232635558
356,India,Psoriasis,2019,10,25 to 29,29,True,2,Female,6,Incidence,0.00047176740439865996,0.000537561598218902,0.0004084564232635558
356,India,Psoriasis,2019,10,25 to 29,25,False,2,Female,7,remission,0.11181422469111164,0.12557381602818615,0.09775163259589208
356,India,Psoriasis,2019,10,25 to 29,26,True,2,Female,7,remission,0.11176541892861926,0.12557381602818615,0.09775163259589208
356,India,Psoriasis,2019,10,25 to 29,27,True,2,Female,7,remission,0.11169802126157208,0.12557381602818615,0.09775163259589208
356,India,Psoriasis,2019,10,25 to 29,28,True,2,Female,7,remission,0.11161498564378214,0.12557381602818615,0.09775163259589208
356,India,Psoriasis,2019,10,25 to 29,29,True,2,Female,7,remission,0.11151923483033095,0.12557381602818615,0.09775163259589208
356,India,Psoriasis,2019,10,25 to 29,25,False,2,Female,15,mortality,0,0,0
356,India,Psoriasis,2019,10,25 to 29,26,True,2,Female,15,mortality,0,0,0
356,India,Psoriasis,2019,10,25 to 29,27,True,2,Female,15,mortality,0,0,0
356,India,Psoriasis,2019,10,25 to 29,28,True,2,Female,15,mortality,0,0,0
356,India,Psoriasis,2019,10,25 to 29,29,True,2,Female,15,mortality,0,0,0
356,India,Psoriasis,2019,11,30 to 34,30,False,1,Male,5,Prevalence,0.00349709248149588,0.00403442031483588,0.003389099755097689
356,India,Psoriasis,2019,11,30 to 34,31,True,1,Male,5,Prevalence,0.0035873969535169265,0.00403442031483588,0.003389099755097689
356,India,Psoriasis,2019,11,30 to 34,32,True,1,Male,5,Prevalence,0.003678357497648244,0.00403442031483588,0.003389099755097689
356,India,Psoriasis,2019,11,30 to 34,33,True,1,Male,5,Prevalence,0.0037695569590042648,0.00403442031483588,0.003389099755097689
356,India,Psoriasis,2019,11,30 to 34,34,True,1,Male,5,Prevalence,0.0038606262691254036,0.00403442031483588,0.003389099755097689
356,India,Psoriasis,2019,11,30 to 34,30,False,1,Male,6,Incidence,0.0004658513259584257,0.0005742878726205316,0.00043720740864963047
356,India,Psoriasis,2019,11,30 to 34,31,True,1,Male,6,Incidence,0.00047656922466176324,0.0005742878726205316,0.00043720740864963047
356,India,Psoriasis,2019,11,30 to 34,32,True,1,Male,6,Incidence,0.000486952511437012,0.0005742878726205316,0.00043720740864963047
356,India,Psoriasis,2019,11,30 to 34,33,True,1,Male,6,Incidence,0.0004969880902907455,0.0005742878726205316,0.00043720740864963047
356,India,Psoriasis,2019,11,30 to 34,34,True,1,Male,6,Incidence,0.0005066811893424078,0.0005742878726205316,0.00043720740864963047
356,India,Psoriasis,2019,11,30 to 34,30,False,1,Male,7,remission,0.11005790329672598,0.12260822656322341,0.0967169487626756
356,India,Psoriasis,2019,11,30 to 34,31,True,1,Male,7,remission,0.10997654423589276,0.12260822656322341,0.0967169487626756
356,India,Psoriasis,2019,11,30 to 34,32,True,1,Male,7,remission,0.10989725432061744,0.12260822656322341,0.0967169487626756
356,India,Psoriasis,2019,11,30 to 34,33,True,1,Male,7,remission,0.10982089949789654,0.12260822656322341,0.0967169487626756
356,India,Psoriasis,2019,11,30 to 34,34,True,1,Male,7,remission,0.10974815346131996,0.12260822656322341,0.0967169487626756
356,India,Psoriasis,2019,11,30 to 34,30,False,1,Male,15,mortality,0,0,0
356,India,Psoriasis,2019,11,30 to 34,31,True,1,Male,15,mortality,0,0,0
356,India,Psoriasis,2019,11,30 to 34,32,True,1,Male,15,mortality,0,0,0
356,India,Psoriasis,2019,11,30 to 34,33,True,1,Male,15,mortality,0,0,0
356,India,Psoriasis,2019,11,30 to 34,34,True,1,Male,15,mortality,0,0,0
356,India,Psoriasis,2019,11,30 to 34,30,False,2,Female,5,Prevalence,0.0036090830021681393,0.004144056725465665,0.003477825044631672
356,India,Psoriasis,2019,11,30 to 34,31,True,2,Female,5,Prevalence,0.003699413370832709,0.004144056725465665,0.003477825044631672
356,India,Psoriasis,2019,11,30 to 34,32,True,2,Female,5,Prevalence,0.0037906286457548284,0.004144056725465665,0.003477825044631672
356,India,Psoriasis,2019,11,30 to 34,33,True,2,Female,5,Prevalence,0.003882338497125902,0.004144056725465665,0.003477825044631672
356,India,Psoriasis,2019,11,30 to 34,34,True,2,Female,5,Prevalence,0.003974185153638412,0.004144056725465665,0.003477825044631672
356,India,Psoriasis,2019,11,30 to 34,30,False,2,Female,6,Incidence,0.00048291751534166075,0.000591799602390946,0.0004500301607038171
356,India,Psoriasis,2019,11,30 to 34,31,True,2,Female,6,Incidence,0.0004938064596663734,0.000591799602390946,0.0004500301607038171
356,India,Psoriasis,2019,11,30 to 34,32,True,2,Female,6,Incidence,0.0005043949295988965,0.000591799602390946,0.0004500301607038171
356,India,Psoriasis,2019,11,30 to 34,33,True,2,Female,6,Incidence,0.0005146635322586801,0.000591799602390946,0.0004500301607038171
356,India,Psoriasis,2019,11,30 to 34,34,True,2,Female,6,Incidence,0.0005246096255278273,0.000591799602390946,0.0004500301607038171
356,India,Psoriasis,2019,11,30 to 34,30,False,2,Female,7,remission,0.11141360535985227,0.12417037146386624,0.09776728893146033
356,India,Psoriasis,2019,11,30 to 34,31,True,2,Female,7,remission,0.11130082136114493,0.12417037146386624,0.09776728893146033
356,India,Psoriasis,2019,11,30 to 34,32,True,2,Female,7,remission,0.11118348994815236,0.12417037146386624,0.09776728893146033
356,India,Psoriasis,2019,11,30 to 34,33,True,2,Female,7,remission,0.11106410622174441,0.12417037146386624,0.09776728893146033
356,India,Psoriasis,2019,11,30 to 34,34,True,2,Female,7,remission,0.11094505468522,0.12417037146386624,0.09776728893146033
356,India,Psoriasis,2019,11,30 to 34,30,False,2,Female,15,mortality,0,0,0
356,India,Psoriasis,2019,11,30 to 34,31,True,2,Female,15,mortality,0,0,0
356,India,Psoriasis,2019,11,30 to 34,32,True,2,Female,15,mortality,0,0,0
356,India,Psoriasis,2019,11,30 to 34,33,True,2,Female,15,mortality,0,0,0
356,India,Psoriasis,2019,11,30 to 34,34,True,2,Female,15,mortality,0,0,0
356,India,Psoriasis,2019,12,35 to 39,35,False,1,Male,5,Prevalence,0.003951252733789701,0.004492606859529512,0.0038159156118424274
356,India,Psoriasis,2019,12,35 to 39,36,True,1,Male,5,Prevalence,0.004041182286075658,0.004492606859529512,0.0038159156118424274
356,India,Psoriasis,2019,12,35 to 39,37,True,1,Male,5,Prevalence,0.004130216703975981,0.004492606859529512,0.0038159156118424274
356,India,Psoriasis,2019,12,35 to 39,38,True,1,Male,5,Prevalence,0.0042182070510398415,0.004492606859529512,0.0038159156118424274
356,India,Psoriasis,2019,12,35 to 39,39,True,1,Male,5,Prevalence,0.004305044666018307,0.004492606859529512,0.0038159156118424274
356,India,Psoriasis,2019,12,35 to 39,35,False,1,Male,6,Incidence,0.0005160503823691105,0.0006150519688652879,0.0004730730144263249
356,India,Psoriasis,2019,12,35 to 39,36,True,1,Male,6,Incidence,0.000525122370262626,0.0006150519688652879,0.0004730730144263249
356,India,Psoriasis,2019,12,35 to 39,37,True,1,Male,6,Incidence,0.000533927030166983,0.0006150519688652879,0.0004730730144263249
356,India,Psoriasis,2019,12,35 to 39,38,True,1,Male,6,Incidence,0.0005424931115051297,0.0006150519688652879,0.0004730730144263249
356,India,Psoriasis,2019,12,35 to 39,39,True,1,Male,6,Incidence,0.0005508447975911808,0.0006150519688652879,0.0004730730144263249
356,India,Psoriasis,2019,12,35 to 39,35,False,1,Male,7,remission,0.10967952102195383,0.12393999983706028,0.09585575559422328
356,India,Psoriasis,2019,12,35 to 39,36,True,1,Male,7,remission,0.10961534377989157,0.12393999983706028,0.09585575559422328
356,India,Psoriasis,2019,12,35 to 39,37,True,1,Male,7,remission,0.10955578948660259,0.12393999983706028,0.09585575559422328
356,India,Psoriasis,2019,12,35 to 39,38,True,1,Male,7,remission,0.10950082834514835,0.12393999983706028,0.09585575559422328
356,India,Psoriasis,2019,12,35 to 39,39,True,1,Male,7,remission,0.10945019995869483,0.12393999983706028,0.09585575559422328
356,India,Psoriasis,2019,12,35 to 39,35,False,1,Male,15,mortality,0,0,0
356,India,Psoriasis,2019,12,35 to 39,36,True,1,Male,15,mortality,0,0,0
356,India,Psoriasis,2019,12,35 to 39,37,True,1,Male,15,mortality,0,0,0
356,India,Psoriasis,2019,12,35 to 39,38,True,1,Male,15,mortality,0,0,0
356,India,Psoriasis,2019,12,35 to 39,39,True,1,Male,15,mortality,0,0,0
356,India,Psoriasis,2019,12,35 to 39,35,False,2,Female,5,Prevalence,0.004065852209925205,0.00461549524041877,0.0039120726953931735
356,India,Psoriasis,2019,12,35 to 39,36,True,2,Female,5,Prevalence,0.004157068840986693,0.00461549524041877,0.0039120726953931735
356,India,Psoriasis,2019,12,35 to 39,37,True,2,Female,5,Prevalence,0.004247610298475851,0.00461549524041877,0.0039120726953931735
356,India,Psoriasis,2019,12,35 to 39,38,True,2,Female,5,Prevalence,0.004337295675579601,0.00461549524041877,0.0039120726953931735
356,India,Psoriasis,2019,12,35 to 39,39,True,2,Female,5,Prevalence,0.004425983868968805,0.00461549524041877,0.0039120726953931735
356,India,Psoriasis,2019,12,35 to 39,35,False,2,Female,6,Incidence,0.0005342435976895553,0.0006362550447197605,0.0004899121989096715
356,India,Psoriasis,2019,12,35 to 39,36,True,2,Female,6,Incidence,0.0005435850212017025,0.0006362550447197605,0.0004899121989096715
356,India,Psoriasis,2019,12,35 to 39,37,True,2,Female,6,Incidence,0.0005526590145979892,0.0006362550447197605,0.0004899121989096715
356,India,Psoriasis,2019,12,35 to 39,38,True,2,Female,6,Incidence,0.0005614930156550697,0.0006362550447197605,0.0004899121989096715
356,India,Psoriasis,2019,12,35 to 39,39,True,2,Female,6,Incidence,0.0005701140297246493,0.0006362550447197605,0.0004899121989096715
356,India,Psoriasis,2019,12,35 to 39,35,False,2,Female,7,remission,0.11082859539776546,0.12506577068993255,0.09706775806831995
356,India,Psoriasis,2019,12,35 to 39,36,True,2,Female,7,remission,0.11071682651956498,0.12506577068993255,0.09706775806831995
356,India,Psoriasis,2019,12,35 to 39,37,True,2,Female,7,remission,0.11061161917886735,0.12506577068993255,0.09706775806831995
356,India,Psoriasis,2019,12,35 to 39,38,True,2,Female,7,remission,0.11051452512108807,0.12506577068993255,0.09706775806831995
356,India,Psoriasis,2019,12,35 to 39,39,True,2,Female,7,remission,0.11042666192125102,0.12506577068993255,0.09706775806831995
356,India,Psoriasis,2019,12,35 to 39,35,False,2,Female,15,mortality,0,0,0
356,India,Psoriasis,2019,12,35 to 39,36,True,2,Female,15,mortality,0,0,0
356,India,Psoriasis,2019,12,35 to 39,37,True,2,Female,15,mortality,0,0,0
356,India,Psoriasis,2019,12,35 to 39,38,True,2,Female,15,mortality,0,0,0
356,India,Psoriasis,2019,12,35 to 39,39,True,2,Female,15,mortality,0,0,0
356,India,Psoriasis,2019,13,40 to 44,40,False,1,Male,5,Prevalence,0.004390650926443729,0.0049651437279205875,0.004199941429620499
356,India,Psoriasis,2019,13,40 to 44,41,True,1,Male,5,Prevalence,0.004474966788711794,0.0049651437279205875,0.004199941429620499
356,India,Psoriasis,2019,13,40 to 44,42,True,1,Male,5,Prevalence,0.0045579428242688395,0.0049651437279205875,0.004199941429620499
356,India,Psoriasis,2019,13,40 to 44,43,True,1,Male,5,Prevalence,0.00463953018945102,0.0049651437279205875,0.004199941429620499
356,India,Psoriasis,2019,13,40 to 44,44,True,1,Male,5,Prevalence,0.004719672735837035,0.0049651437279205875,0.004199941429620499
356,India,Psoriasis,2019,13,40 to 44,40,False,1,Male,6,Incidence,0.0005589991893147223,0.0006550163198418879,0.0005053653406141504
356,India,Psoriasis,2019,13,40 to 44,41,True,1,Male,6,Incidence,0.0005669646327554829,0.0006550163198418879,0.0005053653406141504
356,India,Psoriasis,2019,13,40 to 44,42,True,1,Male,6,Incidence,0.0005747397276027434,0.0006550163198418879,0.0005053653406141504
356,India,Psoriasis,2019,13,40 to 44,43,True,1,Male,6,Incidence,0.0005823128281300997,0.0006550163198418879,0.0005053653406141504
356,India,Psoriasis,2019,13,40 to 44,44,True,1,Male,6,Incidence,0.0005896618797666544,0.0006550163198418879,0.0005053653406141504
356,India,Psoriasis,2019,13,40 to 44,40,False,1,Male,7,remission,0.1094033741690869,0.12310478509755066,0.0960016212535153
356,India,Psoriasis,2019,13,40 to 44,41,True,1,Male,7,remission,0.10935950836024701,0.12310478509755066,0.0960016212535153
356,India,Psoriasis,2019,13,40 to 44,42,True,1,Male,7,remission,0.10931740367023957,0.12310478509755066,0.0960016212535153
356,India,Psoriasis,2019,13,40 to 44,43,True,1,Male,7,remission,0.10927546342167237,0.12310478509755066,0.0960016212535153
356,India,Psoriasis,2019,13,40 to 44,44,True,1,Male,7,remission,0.10923165893826418,0.12310478509755066,0.0960016212535153
356,India,Psoriasis,2019,13,40 to 44,40,False,1,Male,15,mortality,0,0,0
356,India,Psoriasis,2019,13,40 to 44,41,True,1,Male,15,mortality,0,0,0
356,India,Psoriasis,2019,13,40 to 44,42,True,1,Male,15,mortality,0,0,0
356,India,Psoriasis,2019,13,40 to 44,43,True,1,Male,15,mortality,0,0,0
356,India,Psoriasis,2019,13,40 to 44,44,True,1,Male,15,mortality,0,0,0
356,India,Psoriasis,2019,13,40 to 44,40,False,2,Female,5,Prevalence,0.004513568475065694,0.005088448931375011,0.004339364601830306
356,India,Psoriasis,2019,13,40 to 44,41,True,2,Female,5,Prevalence,0.004599972091239953,0.005088448931375011,0.004339364601830306
356,India,Psoriasis,2019,13,40 to 44,42,True,2,Female,5,Prevalence,0.0046851402171483696,0.005088448931375011,0.004339364601830306
356,India,Psoriasis,2019,13,40 to 44,43,True,2,Female,5,Prevalence,0.004769034730114916,0.005088448931375011,0.004339364601830306
356,India,Psoriasis,2019,13,40 to 44,44,True,2,Female,5,Prevalence,0.00485162678836617,0.005088448931375011,0.004339364601830306
356,India,Psoriasis,2019,13,40 to 44,40,False,2,Female,6,Incidence,0.0005785462972450908,0.0006770845570741181,0.0005248964065110256
356,India,Psoriasis,2019,13,40 to 44,41,True,2,Female,6,Incidence,0.000586809247713435,0.0006770845570741181,0.0005248964065110256
356,India,Psoriasis,2019,13,40 to 44,42,True,2,Female,6,Incidence,0.000594915588418119,0.0006770845570741181,0.0005248964065110256
356,India,Psoriasis,2019,13,40 to 44,43,True,2,Female,6,Incidence,0.0006028694169211096,0.0006770845570741181,0.0005248964065110256
356,India,Psoriasis,2019,13,40 to 44,44,True,2,Female,6,Incidence,0.0006106643351516602,0.0006770845570741181,0.0005248964065110256
356,India,Psoriasis,2019,13,40 to 44,40,False,2,Female,7,remission,0.11034858441156836,0.12366333447762208,0.09682496709016811
356,India,Psoriasis,2019,13,40 to 44,41,True,2,Female,7,remission,0.11028015428758392,0.12366333447762208,0.09682496709016811
356,India,Psoriasis,2019,13,40 to 44,42,True,2,Female,7,remission,0.11022042250470852,0.12366333447762208,0.09682496709016811
356,India,Psoriasis,2019,13,40 to 44,43,True,2,Female,7,remission,0.110167540837831,0.12366333447762208,0.09682496709016811
356,India,Psoriasis,2019,13,40 to 44,44,True,2,Female,7,remission,0.11011871944681162,0.12366333447762208,0.09682496709016811
356,India,Psoriasis,2019,13,40 to 44,40,False,2,Female,15,mortality,0,0,0
356,India,Psoriasis,2019,13,40 to 44,41,True,2,Female,15,mortality,0,0,0
356,India,Psoriasis,2019,13,40 to 44,42,True,2,Female,15,mortality,0,0,0
356,India,Psoriasis,2019,13,40 to 44,43,True,2,Female,15,mortality,0,0,0
356,India,Psoriasis,2019,13,40 to 44,44,True,2,Female,15,mortality,0,0,0
356,India,Psoriasis,2019,14,45 to 49,45,False,1,Male,5,Prevalence,0.004798300319513335,0.005392482161026546,0.004589685467806369
356,India,Psoriasis,2019,14,45 to 49,46,True,1,Male,5,Prevalence,0.004875323308743619,0.005392482161026546,0.004589685467806369
356,India,Psoriasis,2019,14,45 to 49,47,True,1,Male,5,Prevalence,0.004950628304894923,0.005392482161026546,0.004589685467806369
356,India,Psoriasis,2019,14,45 to 49,48,True,1,Male,5,Prevalence,0.005024075148197167,0.005392482161026546,0.004589685467806369
356,India,Psoriasis,2019,14,45 to 49,49,True,1,Male,5,Prevalence,0.005095495335529152,0.005392482161026546,0.004589685467806369
356,India,Psoriasis,2019,14,45 to 49,45,False,1,Male,6,Incidence,0.0005967545062067958,0.000699261625289554,0.0005388445600275381
356,India,Psoriasis,2019,14,45 to 49,46,True,1,Male,6,Incidence,0.0006035483502278899,0.000699261625289554,0.0005388445600275381
356,India,Psoriasis,2019,14,45 to 49,47,True,1,Male,6,Incidence,0.0006099917485715443,0.000699261625289554,0.0005388445600275381
356,India,Psoriasis,2019,14,45 to 49,48,True,1,Male,6,Incidence,0.0006160248627394049,0.000699261625289554,0.0005388445600275381
356,India,Psoriasis,2019,14,45 to 49,49,True,1,Male,6,Incidence,0.0006215813766944298,0.000699261625289554,0.0005388445600275381
356,India,Psoriasis,2019,14,45 to 49,45,False,1,Male,7,remission,0.1091835102558595,0.12196504051944383,0.09663738497963496
356,India,Psoriasis,2019,14,45 to 49,46,True,1,Male,7,remission,0.10912809117562167,0.12196504051944383,0.09663738497963496
356,India,Psoriasis,2019,14,45 to 49,47,True,1,Male,7,remission,0.10906206865843987,0.12196504051944383,0.09663738497963496
356,India,Psoriasis,2019,14,45 to 49,48,True,1,Male,7,remission,0.10898178495479192,0.12196504051944383,0.09663738497963496
356,India,Psoriasis,2019,14,45 to 49,49,True,1,Male,7,remission,0.10888338682822274,0.12196504051944383,0.09663738497963496
356,India,Psoriasis,2019,14,45 to 49,45,False,1,Male,15,mortality,0,0,0
356,India,Psoriasis,2019,14,45 to 49,46,True,1,Male,15,mortality,0,0,0
356,India,Psoriasis,2019,14,45 to 49,47,True,1,Male,15,mortality,0,0,0
356,India,Psoriasis,2019,14,45 to 49,48,True,1,Male,15,mortality,0,0,0
356,India,Psoriasis,2019,14,45 to 49,49,True,1,Male,15,mortality,0,0,0
356,India,Psoriasis,2019,14,45 to 49,45,False,2,Female,5,Prevalence,0.004932889020117567,0.005535423661420478,0.00471471646574958
356,India,Psoriasis,2019,14,45 to 49,46,True,2,Female,5,Prevalence,0.005012786980147958,0.005535423661420478,0.00471471646574958
356,India,Psoriasis,2019,14,45 to 49,47,True,2,Female,5,Prevalence,0.0050912700672805,0.005535423661420478,0.00471471646574958
356,India,Psoriasis,2019,14,45 to 49,48,True,2,Female,5,Prevalence,0.005168262344046962,0.005535423661420478,0.00471471646574958
356,India,Psoriasis,2019,14,45 to 49,49,True,2,Female,5,Prevalence,0.005243653920349371,0.005535423661420478,0.00471471646574958
356,India,Psoriasis,2019,14,45 to 49,45,False,2,Female,6,Incidence,0.000618281657392573,0.0007221183639659548,0.0005581267145650132
356,India,Psoriasis,2019,14,45 to 49,46,True,2,Female,6,Incidence,0.0006256889151903335,0.0007221183639659548,0.0005581267145650132
356,India,Psoriasis,2019,14,45 to 49,47,True,2,Female,6,Incidence,0.000632838939355849,0.0007221183639659548,0.0005581267145650132
356,India,Psoriasis,2019,14,45 to 49,48,True,2,Female,6,Incidence,0.0006396698180448386,0.0007221183639659548,0.0005581267145650132
356,India,Psoriasis,2019,14,45 to 49,49,True,2,Female,6,Incidence,0.0006461059762078578,0.0007221183639659548,0.0005581267145650132
356,India,Psoriasis,2019,14,45 to 49,45,False,2,Female,7,remission,0.11007024593687899,0.12302690331962118,0.09752729862324717
356,India,Psoriasis,2019,14,45 to 49,46,True,2,Female,7,remission,0.11001757772512284,0.12302690331962118,0.09752729862324717
356,India,Psoriasis,2019,14,45 to 49,47,True,2,Female,7,remission,0.10995551329238913,0.12302690331962118,0.09752729862324717
356,India,Psoriasis,2019,14,45 to 49,48,True,2,Female,7,remission,0.1098784393850938,0.12302690331962118,0.09752729862324717
356,India,Psoriasis,2019,14,45 to 49,49,True,2,Female,7,remission,0.10978064133526,0.12302690331962118,0.09752729862324717
356,India,Psoriasis,2019,14,45 to 49,45,False,2,Female,15,mortality,0,0,0
356,India,Psoriasis,2019,14,45 to 49,46,True,2,Female,15,mortality,0,0,0
356,India,Psoriasis,2019,14,45 to 49,47,True,2,Female,15,mortality,0,0,0
356,India,Psoriasis,2019,14,45 to 49,48,True,2,Female,15,mortality,0,0,0
356,India,Psoriasis,2019,14,45 to 49,49,True,2,Female,15,mortality,0,0,0
356,India,Psoriasis,2019,15,50 to 54,50,False,1,Male,5,Prevalence,0.005164691989808207,0.005802632494853076,0.004855084161394884
356,India,Psoriasis,2019,15,50 to 54,51,True,1,Male,5,Prevalence,0.005231441458398861,0.005802632494853076,0.004855084161394884
356,India,Psoriasis,2019,15,50 to 54,52,True,1,Male,5,Prevalence,0.005295496470029031,0.005802632494853076,0.004855084161394884
356,India,Psoriasis,2019,15,50 to 54,53,True,1,Male,5,Prevalence,0.005356590560816346,0.005802632494853076,0.004855084161394884
356,India,Psoriasis,2019,15,50 to 54,54,True,1,Male,5,Prevalence,0.005414443231292208,0.005802632494853076,0.004855084161394884
356,India,Psoriasis,2019,15,50 to 54,50,False,1,Male,6,Incidence,0.000626590804583711,0.0007512080562932797,0.0005662991513338312
356,India,Psoriasis,2019,15,50 to 54,51,True,1,Male,6,Incidence,0.0006309813361822819,0.0007512080562932797,0.0005662991513338312
356,India,Psoriasis,2019,15,50 to 54,52,True,1,Male,6,Incidence,0.0006346830079934714,0.0007512080562932797,0.0005662991513338312
356,India,Psoriasis,2019,15,50 to 54,53,True,1,Male,6,Incidence,0.0006376308572673907,0.0007512080562932797,0.0005662991513338312
356,India,Psoriasis,2019,15,50 to 54,54,True,1,Male,6,Incidence,0.0006397676316822298,0.0007512080562932797,0.0005662991513338312
356,India,Psoriasis,2019,15,50 to 54,50,False,1,Male,7,remission,0.10876300011862587,0.12319415741658414,0.09631313305080527
356,India,Psoriasis,2019,15,50 to 54,51,True,1,Male,7,remission,0.1086169406512391,0.12319415741658414,0.09631313305080527
356,India,Psoriasis,2019,15,50 to 54,52,True,1,Male,7,remission,0.10844194547022129,0.12319415741658414,0.09631313305080527
356,India,Psoriasis,2019,15,50 to 54,53,True,1,Male,7,remission,0.10823540300142843,0.12319415741658414,0.09631313305080527
356,India,Psoriasis,2019,15,50 to 54,54,True,1,Male,7,remission,0.10799555825323731,0.12319415741658414,0.09631313305080527
356,India,Psoriasis,2019,15,50 to 54,50,False,1,Male,15,mortality,0,0,0
356,India,Psoriasis,2019,15,50 to 54,51,True,1,Male,15,mortality,0,0,0
356,India,Psoriasis,2019,15,50 to 54,52,True,1,Male,15,mortality,0,0,0
356,India,Psoriasis,2019,15,50 to 54,53,True,1,Male,15,mortality,0,0,0
356,India,Psoriasis,2019,15,50 to 54,54,True,1,Male,15,mortality,0,0,0
356,India,Psoriasis,2019,15,50 to 54,50,False,2,Female,5,Prevalence,0.005317293693392965,0.005965892757009893,0.004994001129835833
356,India,Psoriasis,2019,15,50 to 54,51,True,2,Female,5,Prevalence,0.005388984227659325,0.005965892757009893,0.004994001129835833
356,India,Psoriasis,2019,15,50 to 54,52,True,2,Female,5,Prevalence,0.00545847938860002,0.005965892757009893,0.004994001129835833
356,India,Psoriasis,2019,15,50 to 54,53,True,2,Female,5,Prevalence,0.005525485024469173,0.005965892757009893,0.004994001129835833
356,India,Psoriasis,2019,15,50 to 54,54,True,2,Female,5,Prevalence,0.005589662571725812,0.005965892757009893,0.004994001129835833
356,India,Psoriasis,2019,15,50 to 54,50,False,2,Female,6,Incidence,0.0006520604955879835,0.0007787217837237272,0.0005946196326543336
356,India,Psoriasis,2019,15,50 to 54,51,True,2,Female,6,Incidence,0.000657438612116137,0.0007787217837237272,0.0005946196326543336
356,India,Psoriasis,2019,15,50 to 54,52,True,2,Female,6,Incidence,0.0006621421202914312,0.0007787217837237272,0.0005946196326543336
356,India,Psoriasis,2019,15,50 to 54,53,True,2,Female,6,Incidence,0.00066607422389779,0.0007787217837237272,0.0005946196326543336
356,India,Psoriasis,2019,15,50 to 54,54,True,2,Female,6,Incidence,0.0006691442439570552,0.0007787217837237272,0.0005946196326543336
356,India,Psoriasis,2019,15,50 to 54,50,False,2,Female,7,remission,0.10965665387239822,0.12478310659152256,0.0974285522961913
356,India,Psoriasis,2019,15,50 to 54,51,True,2,Female,7,remission,0.10950162192230611,0.12478310659152256,0.0974285522961913
356,India,Psoriasis,2019,15,50 to 54,52,True,2,Female,7,remission,0.1093116366688421,0.12478310659152256,0.0974285522961913
356,India,Psoriasis,2019,15,50 to 54,53,True,2,Female,7,remission,0.1090840128204511,0.12478310659152256,0.0974285522961913
356,India,Psoriasis,2019,15,50 to 54,54,True,2,Female,7,remission,0.10881747892511667,0.12478310659152256,0.0974285522961913
356,India,Psoriasis,2019,15,50 to 54,50,False,2,Female,15,mortality,0,0,0
356,India,Psoriasis,2019,15,50 to 54,51,True,2,Female,15,mortality,0,0,0
356,India,Psoriasis,2019,15,50 to 54,52,True,2,Female,15,mortality,0,0,0
356,India,Psoriasis,2019,15,50 to 54,53,True,2,Female,15,mortality,0,0,0
356,India,Psoriasis,2019,15,50 to 54,54,True,2,Female,15,mortality,0,0,0
356,India,Psoriasis,2019,16,55 to 59,55,False,1,Male,5,Prevalence,0.005468765078380196,0.006109504160808353,0.005204813384090504
356,India,Psoriasis,2019,16,55 to 59,56,True,1,Male,5,Prevalence,0.005519262025529555,0.006109504160808353,0.005204813384090504
356,India,Psoriasis,2019,16,55 to 59,57,True,1,Male,5,Prevalence,0.005565637804907722,0.006109504160808353,0.005204813384090504
356,India,Psoriasis,2019,16,55 to 59,58,True,1,Male,5,Prevalence,0.005607594052652694,0.006109504160808353,0.005204813384090504
356,India,Psoriasis,2019,16,55 to 59,59,True,1,Male,5,Prevalence,0.005644827746270902,0.006109504160808353,0.005204813384090504
356,India,Psoriasis,2019,16,55 to 59,55,False,1,Male,6,Incidence,0.0006410456208477044,0.0007401017959913885,0.000574331076457533
356,India,Psoriasis,2019,16,55 to 59,56,True,1,Male,6,Incidence,0.0006414272642803644,0.0007401017959913885,0.000574331076457533
356,India,Psoriasis,2019,16,55 to 59,57,True,1,Male,6,Incidence,0.0006408843695415743,0.0007401017959913885,0.000574331076457533
356,India,Psoriasis,2019,16,55 to 59,58,True,1,Male,6,Incidence,0.0006393960155952636,0.0007401017959913885,0.000574331076457533
356,India,Psoriasis,2019,16,55 to 59,59,True,1,Male,6,Incidence,0.0006369454727955865,0.0007401017959913885,0.000574331076457533
356,India,Psoriasis,2019,16,55 to 59,55,False,1,Male,7,remission,0.1077216703032583,0.12137495399681154,0.09556458747679077
356,India,Psoriasis,2019,16,55 to 59,56,True,1,Male,7,remission,0.10741410422438159,0.12137495399681154,0.09556458747679077
356,India,Psoriasis,2019,16,55 to 59,57,True,1,Male,7,remission,0.10707434774183207,0.12137495399681154,0.09556458747679077
356,India,Psoriasis,2019,16,55 to 59,58,True,1,Male,7,remission,0.10670495314838997,0.12137495399681154,0.09556458747679077
356,India,Psoriasis,2019,16,55 to 59,59,True,1,Male,7,remission,0.10630941575563231,0.12137495399681154,0.09556458747679077
356,India,Psoriasis,2019,16,55 to 59,55,False,1,Male,15,mortality,0,0,0
356,India,Psoriasis,2019,16,55 to 59,56,True,1,Male,15,mortality,0,0,0
356,India,Psoriasis,2019,16,55 to 59,57,True,1,Male,15,mortality,0,0,0
356,India,Psoriasis,2019,16,55 to 59,58,True,1,Male,15,mortality,0,0,0
356,India,Psoriasis,2019,16,55 to 59,59,True,1,Male,15,mortality,0,0,0
356,India,Psoriasis,2019,16,55 to 59,55,False,2,Female,5,Prevalence,0.005650635020247292,0.006297893297825605,0.005375987638638324
356,India,Psoriasis,2019,16,55 to 59,56,True,2,Female,5,Prevalence,0.005707994308854623,0.006297893297825605,0.005375987638638324
356,India,Psoriasis,2019,16,55 to 59,57,True,2,Female,5,Prevalence,0.005761309015202069,0.006297893297825605,0.005375987638638324
356,India,Psoriasis,2019,16,55 to 59,58,True,2,Female,5,Prevalence,0.005810131212686124,0.006297893297825605,0.005375987638638324
356,India,Psoriasis,2019,16,55 to 59,59,True,2,Female,5,Prevalence,0.005854001600422741,0.006297893297825605,0.005375987638638324
356,India,Psoriasis,2019,16,55 to 59,55,False,2,Female,6,Incidence,0.0006712715653625216,0.0007824176072399183,0.0006069105890531117
356,India,Psoriasis,2019,16,55 to 59,56,True,2,Female,6,Incidence,0.0006723882923164972,0.0007824176072399183,0.0006069105890531117
356,India,Psoriasis,2019,16,55 to 59,57,True,2,Female,6,Incidence,0.0006724402830665647,0.0007824176072399183,0.0006069105890531117
356,India,Psoriasis,2019,16,55 to 59,58,True,2,Female,6,Incidence,0.0006713865129377492,0.0007824176072399183,0.0006069105890531117
356,India,Psoriasis,2019,16,55 to 59,59,True,2,Female,6,Incidence,0.0006691970165927651,0.0007824176072399183,0.0006069105890531117
356,India,Psoriasis,2019,16,55 to 59,55,False,2,Female,7,remission,0.10851226304155943,0.12248822360059354,0.09591253732613303
356,India,Psoriasis,2019,16,55 to 59,56,True,2,Female,7,remission,0.10817006950320572,0.12248822360059354,0.09591253732613303
356,India,Psoriasis,2019,16,55 to 59,57,True,2,Female,7,remission,0.10779395670662383,0.12248822360059354,0.09591253732613303
356,India,Psoriasis,2019,16,55 to 59,58,True,2,Female,7,remission,0.10738813846844501,0.12248822360059354,0.09591253732613303
356,India,Psoriasis,2019,16,55 to 59,59,True,2,Female,7,remission,0.10695774047679457,0.12248822360059354,0.09591253732613303
356,India,Psoriasis,2019,16,55 to 59,55,False,2,Female,15,mortality,0,0,0
356,India,Psoriasis,2019,16,55 to 59,56,True,2,Female,15,mortality,0,0,0
356,India,Psoriasis,2019,16,55 to 59,57,True,2,Female,15,mortality,0,0,0
356,India,Psoriasis,2019,16,55 to 59,58,True,2,Female,15,mortality,0,0,0
356,India,Psoriasis,2019,16,55 to 59,59,True,2,Female,15,mortality,0,0,0
356,India,Psoriasis,2019,17,60 to 64,60,False,1,Male,5,Prevalence,0.005677026186233224,0.00631622322692453,0.005387864781897654
356,India,Psoriasis,2019,17,60 to 64,61,True,1,Male,5,Prevalence,0.00570386021636679,0.00631622322692453,0.005387864781897654
356,India,Psoriasis,2019,17,60 to 64,62,True,1,Male,5,Prevalence,0.005724976795833163,0.00631622322692453,0.005387864781897654
356,India,Psoriasis,2019,17,60 to 64,63,True,1,Male,5,Prevalence,0.005739992300262818,0.00631622322692453,0.005387864781897654
356,India,Psoriasis,2019,17,60 to 64,64,True,1,Male,5,Prevalence,0.005748487995799038,0.00631622322692453,0.005387864781897654
356,India,Psoriasis,2019,17,60 to 64,60,False,1,Male,6,Incidence,0.0006335166865715524,0.0007103795479989948,0.0005383879225217158
356,India,Psoriasis,2019,17,60 to 64,61,True,1,Male,6,Incidence,0.0006290909970290186,0.0007103795479989948,0.0005383879225217158
356,India,Psoriasis,2019,17,60 to 64,62,True,1,Male,6,Incidence,0.0006236447707649907,0.0007103795479989948,0.0005383879225217158
356,India,Psoriasis,2019,17,60 to 64,63,True,1,Male,6,Incidence,0.0006171485009757458,0.0007103795479989948,0.0005383879225217158
356,India,Psoriasis,2019,17,60 to 64,64,True,1,Male,6,Incidence,0.0006095677118066439,0.0007103795479989948,0.0005383879225217158
356,India,Psoriasis,2019,17,60 to 64,60,False,1,Male,7,remission,0.10589200962492208,0.11802637692202214,0.09273600707778273
356,India,Psoriasis,2019,17,60 to 64,61,True,1,Male,7,remission,0.10545760776718045,0.11802637692202214,0.09273600707778273
356,India,Psoriasis,2019,17,60 to 64,62,True,1,Male,7,remission,0.10501151605763476,0.11802637692202214,0.09273600707778273
356,India,Psoriasis,2019,17,60 to 64,63,True,1,Male,7,remission,0.1045593470586821,0.11802637692202214,0.09273600707778273
356,India,Psoriasis,2019,17,60 to 64,64,True,1,Male,7,remission,0.10410695189796747,0.11802637692202214,0.09273600707778273
356,India,Psoriasis,2019,17,60 to 64,60,False,1,Male,15,mortality,0,0,0
356,India,Psoriasis,2019,17,60 to 64,61,True,1,Male,15,mortality,0,0,0
356,India,Psoriasis,2019,17,60 to 64,62,True,1,Male,15,mortality,0,0,0
356,India,Psoriasis,2019,17,60 to 64,63,True,1,Male,15,mortality,0,0,0
356,India,Psoriasis,2019,17,60 to 64,64,True,1,Male,15,mortality,0,0,0
356,India,Psoriasis,2019,17,60 to 64,60,False,2,Female,5,Prevalence,0.005892452429962218,0.00656953418346889,0.005599716442409538
356,India,Psoriasis,2019,17,60 to 64,61,True,2,Female,5,Prevalence,0.005925008272580578,0.00656953418346889,0.005599716442409538
356,India,Psoriasis,2019,17,60 to 64,62,True,2,Female,5,Prevalence,0.005951185191007339,0.00656953418346889,0.005599716442409538
356,India,Psoriasis,2019,17,60 to 64,63,True,2,Female,5,Prevalence,0.005970489300453924,0.00656953418346889,0.005599716442409538
356,India,Psoriasis,2019,17,60 to 64,64,True,2,Female,5,Prevalence,0.005982415952868352,0.00656953418346889,0.005599716442409538
356,India,Psoriasis,2019,17,60 to 64,60,False,2,Female,6,Incidence,0.0006658499225368932,0.0007471404722524678,0.0005712111296011332
356,India,Psoriasis,2019,17,60 to 64,61,True,2,Female,6,Incidence,0.0006613282590235485,0.0007471404722524678,0.0005712111296011332
356,India,Psoriasis,2019,17,60 to 64,62,True,2,Female,6,Incidence,0.0006556172460331201,0.0007471404722524678,0.0005712111296011332
356,India,Psoriasis,2019,17,60 to 64,63,True,2,Female,6,Incidence,0.0006487026879009327,0.0007471404722524678,0.0005712111296011332
356,India,Psoriasis,2019,17,60 to 64,64,True,2,Female,6,Incidence,0.0006405708701043821,0.0007471404722524678,0.0005712111296011332
356,India,Psoriasis,2019,17,60 to 64,60,False,2,Female,7,remission,0.10650854732260732,0.11861115460731736,0.09348430214281918
356,India,Psoriasis,2019,17,60 to 64,61,True,2,Female,7,remission,0.10604677399191322,0.11861115460731736,0.09348430214281918
356,India,Psoriasis,2019,17,60 to 64,62,True,2,Female,7,remission,0.10557888887596639,0.11861115460731736,0.09348430214281918
356,India,Psoriasis,2019,17,60 to 64,63,True,2,Female,7,remission,0.10511150443948157,0.11861115460731736,0.09348430214281918
356,India,Psoriasis,2019,17,60 to 64,64,True,2,Female,7,remission,0.10465133839471231,0.11861115460731736,0.09348430214281918
356,India,Psoriasis,2019,17,60 to 64,60,False,2,Female,15,mortality,0,0,0
356,India,Psoriasis,2019,17,60 to 64,61,True,2,Female,15,mortality,0,0,0
356,India,Psoriasis,2019,17,60 to 64,62,True,2,Female,15,mortality,0,0,0
356,India,Psoriasis,2019,17,60 to 64,63,True,2,Female,15,mortality,0,0,0
356,India,Psoriasis,2019,17,60 to 64,64,True,2,Female,15,mortality,0,0,0
356,India,Psoriasis,2019,18,65 to 69,65,False,1,Male,5,Prevalence,0.005750008994673248,0.0063640793930762225,0.005435469713695041
356,India,Psoriasis,2019,18,65 to 69,66,True,1,Male,5,Prevalence,0.005744067700133796,0.0063640793930762225,0.005435469713695041
356,India,Psoriasis,2019,18,65 to 69,67,True,1,Male,5,Prevalence,0.005730152341524384,0.0063640793930762225,0.005435469713695041
356,India,Psoriasis,2019,18,65 to 69,68,True,1,Male,5,Prevalence,0.005707740751005409,0.0063640793930762225,0.005435469713695041
356,India,Psoriasis,2019,18,65 to 69,69,True,1,Male,5,Prevalence,0.005676319093267977,0.0063640793930762225,0.005435469713695041
356,India,Psoriasis,2019,18,65 to 69,65,False,1,Male,6,Incidence,0.0006008657271867993,0.0006659525865667584,0.0005108427234143532
356,India,Psoriasis,2019,18,65 to 69,66,True,1,Male,6,Incidence,0.0005910080849388457,0.0006659525865667584,0.0005108427234143532
356,India,Psoriasis,2019,18,65 to 69,67,True,1,Male,6,Incidence,0.0005799681400973143,0.0006659525865667584,0.0005108427234143532
356,India,Psoriasis,2019,18,65 to 69,68,True,1,Male,6,Incidence,0.0005677332387609378,0.0006659525865667584,0.0005108427234143532
356,India,Psoriasis,2019,18,65 to 69,69,True,1,Male,6,Incidence,0.000554310769193198,0.0006659525865667584,0.0005108427234143532
356,India,Psoriasis,2019,18,65 to 69,65,False,1,Male,7,remission,0.10366041632656126,0.11481928047483844,0.09053046186794773
356,India,Psoriasis,2019,18,65 to 69,66,True,1,Male,7,remission,0.10322611290240337,0.11481928047483844,0.09053046186794773
356,India,Psoriasis,2019,18,65 to 69,67,True,1,Male,7,remission,0.10281078728099442,0.11481928047483844,0.09053046186794773
356,India,Psoriasis,2019,18,65 to 69,68,True,1,Male,7,remission,0.10242164542109451,0.11481928047483844,0.09053046186794773
356,India,Psoriasis,2019,18,65 to 69,69,True,1,Male,7,remission,0.1020664024836739,0.11481928047483844,0.09053046186794773
356,India,Psoriasis,2019,18,65 to 69,65,False,1,Male,15,mortality,0,0,0
356,India,Psoriasis,2019,18,65 to 69,66,True,1,Male,15,mortality,0,0,0
356,India,Psoriasis,2019,18,65 to 69,67,True,1,Male,15,mortality,0,0,0
356,India,Psoriasis,2019,18,65 to 69,68,True,1,Male,15,mortality,0,0,0
356,India,Psoriasis,2019,18,65 to 69,69,True,1,Male,15,mortality,0,0,0
356,India,Psoriasis,2019,18,65 to 69,65,False,2,Female,5,Prevalence,0.005986450821724005,0.006620527977333057,0.00566021683367473
356,India,Psoriasis,2019,18,65 to 69,66,True,2,Female,5,Prevalence,0.005982074009471052,0.006620527977333057,0.00566021683367473
356,India,Psoriasis,2019,18,65 to 69,67,True,2,Female,5,Prevalence,0.005968767985381866,0.006620527977333057,0.00566021683367473
356,India,Psoriasis,2019,18,65 to 69,68,True,2,Female,5,Prevalence,0.005946029744889267,0.006620527977333057,0.00566021683367473
356,India,Psoriasis,2019,18,65 to 69,69,True,2,Female,5,Prevalence,0.005913387122178942,0.006620527977333057,0.00566021683367473
356,India,Psoriasis,2019,18,65 to 69,65,False,2,Female,6,Incidence,0.0006312100880750342,0.0007004506967802601,0.0005352888163502694
356,India,Psoriasis,2019,18,65 to 69,66,True,2,Female,6,Incidence,0.0006206136511188767,0.0007004506967802601,0.0005352888163502694
356,India,Psoriasis,2019,18,65 to 69,67,True,2,Female,6,Incidence,0.0006087839618138637,0.0007004506967802601,0.0005352888163502694
356,India,Psoriasis,2019,18,65 to 69,68,True,2,Female,6,Incidence,0.0005957371074805159,0.0007004506967802601,0.0005352888163502694
356,India,Psoriasis,2019,18,65 to 69,69,True,2,Female,6,Incidence,0.0005815073331965814,0.0007004506967802601,0.0005352888163502694
356,India,Psoriasis,2019,18,65 to 69,65,False,2,Female,7,remission,0.10420523461261044,0.11558586382541793,0.09034860609859721
356,India,Psoriasis,2019,18,65 to 69,66,True,2,Female,7,remission,0.10378022116469975,0.11558586382541793,0.09034860609859721
356,India,Psoriasis,2019,18,65 to 69,67,True,2,Female,7,remission,0.10338357469475441,0.11558586382541793,0.09034860609859721
356,India,Psoriasis,2019,18,65 to 69,68,True,2,Female,7,remission,0.10302285712969296,0.11558586382541793,0.09034860609859721
356,India,Psoriasis,2019,18,65 to 69,69,True,2,Female,7,remission,0.10270589321080183,0.11558586382541793,0.09034860609859721
356,India,Psoriasis,2019,18,65 to 69,65,False,2,Female,15,mortality,0,0,0
356,India,Psoriasis,2019,18,65 to 69,66,True,2,Female,15,mortality,0,0,0
356,India,Psoriasis,2019,18,65 to 69,67,True,2,Female,15,mortality,0,0,0
356,India,Psoriasis,2019,18,65 to 69,68,True,2,Female,15,mortality,0,0,0
356,India,Psoriasis,2019,18,65 to 69,69,True,2,Female,15,mortality,0,0,0
356,India,Psoriasis,2019,19,70 to 74,70,False,1,Male,5,Prevalence,0.005635404858414316,0.006210571580485734,0.0052784618108781736
356,India,Psoriasis,2019,19,70 to 74,71,True,1,Male,5,Prevalence,0.005584573075221436,0.006210571580485734,0.0052784618108781736
356,India,Psoriasis,2019,19,70 to 74,72,True,1,Male,5,Prevalence,0.005523484395569752,0.006210571580485734,0.0052784618108781736
356,India,Psoriasis,2019,19,70 to 74,73,True,1,Male,5,Prevalence,0.0054519134416426245,0.006210571580485734,0.0052784618108781736
356,India,Psoriasis,2019,19,70 to 74,74,True,1,Male,5,Prevalence,0.005369775609973207,0.006210571580485734,0.0052784618108781736
356,India,Psoriasis,2019,19,70 to 74,70,False,1,Male,6,Incidence,0.0005397334085645642,0.0005819690755127042,0.0004442741464329254
356,India,Psoriasis,2019,19,70 to 74,71,True,1,Male,6,Incidence,0.0005240629701899778,0.0005819690755127042,0.0004442741464329254
356,India,Psoriasis,2019,19,70 to 74,72,True,1,Male,6,Incidence,0.0005073924017105526,0.0005819690755127042,0.0004442741464329254
356,India,Psoriasis,2019,19,70 to 74,73,True,1,Male,6,Incidence,0.0004898456728839014,0.0005819690755127042,0.0004442741464329254
356,India,Psoriasis,2019,19,70 to 74,74,True,1,Male,6,Incidence,0.00047157550536490754,0.0005819690755127042,0.0004442741464329254
356,India,Psoriasis,2019,19,70 to 74,70,False,1,Male,7,remission,0.10175325503651138,0.11279081034252258,0.08838757549042375
356,India,Psoriasis,2019,19,70 to 74,71,True,1,Male,7,remission,0.1014907465823968,0.11279081034252258,0.08838757549042375
356,India,Psoriasis,2019,19,70 to 74,72,True,1,Male,7,remission,0.10128751182911917,0.11279081034252258,0.08838757549042375
356,India,Psoriasis,2019,19,70 to 74,73,True,1,Male,7,remission,0.10115190554874105,0.11279081034252258,0.08838757549042375
356,India,Psoriasis,2019,19,70 to 74,74,True,1,Male,7,remission,0.10109154411516504,0.11279081034252258,0.08838757549042375
356,India,Psoriasis,2019,19,70 to 74,70,False,1,Male,15,mortality,0,0,0
356,India,Psoriasis,2019,19,70 to 74,71,True,1,Male,15,mortality,0,0,0
356,India,Psoriasis,2019,19,70 to 74,72,True,1,Male,15,mortality,0,0,0
356,India,Psoriasis,2019,19,70 to 74,73,True,1,Male,15,mortality,0,0,0
356,India,Psoriasis,2019,19,70 to 74,74,True,1,Male,15,mortality,0,0,0
356,India,Psoriasis,2019,19,70 to 74,70,False,2,Female,5,Prevalence,0.0058704187367403125,0.006475193997204284,0.005490117282395992
356,India,Psoriasis,2019,19,70 to 74,71,True,2,Female,5,Prevalence,0.005816776649385903,0.006475193997204284,0.005490117282395992
356,India,Psoriasis,2019,19,70 to 74,72,True,2,Female,5,Prevalence,0.005752210469121166,0.006475193997204284,0.005490117282395992
356,India,Psoriasis,2019,19,70 to 74,73,True,2,Female,5,Prevalence,0.00567659140663664,0.006475193997204284,0.005490117282395992
356,India,Psoriasis,2019,19,70 to 74,74,True,2,Female,5,Prevalence,0.005589934627964155,0.006475193997204284,0.005490117282395992
356,India,Psoriasis,2019,19,70 to 74,70,False,2,Female,6,Incidence,0.0005661507943432334,0.0006085018103504804,0.0004625140201277426
356,India,Psoriasis,2019,19,70 to 74,71,True,2,Female,6,Incidence,0.0005497480952732699,0.0006085018103504804,0.0004625140201277426
356,India,Psoriasis,2019,19,70 to 74,72,True,2,Female,6,Incidence,0.0005324052849803701,0.0006085018103504804,0.0004625140201277426
356,India,Psoriasis,2019,19,70 to 74,73,True,2,Female,6,Incidence,0.0005142531727844302,0.0006085018103504804,0.0004625140201277426
356,India,Psoriasis,2019,19,70 to 74,74,True,2,Female,6,Incidence,0.000495445019920834,0.0006085018103504804,0.0004625140201277426
356,India,Psoriasis,2019,19,70 to 74,70,False,2,Female,7,remission,0.10244066529880258,0.11330065484602882,0.0885530309991158
356,India,Psoriasis,2019,19,70 to 74,71,True,2,Female,7,remission,0.1022351143969595,0.11330065484602882,0.0885530309991158
356,India,Psoriasis,2019,19,70 to 74,72,True,2,Female,7,remission,0.1020968516434476,0.11330065484602882,0.0885530309991158
356,India,Psoriasis,2019,19,70 to 74,73,True,2,Female,7,remission,0.10203280042260991,0.11330065484602882,0.0885530309991158
356,India,Psoriasis,2019,19,70 to 74,74,True,2,Female,7,remission,0.10204880326132236,0.11330065484602882,0.0885530309991158
356,India,Psoriasis,2019,19,70 to 74,70,False,2,Female,15,mortality,0,0,0
356,India,Psoriasis,2019,19,70 to 74,71,True,2,Female,15,mortality,0,0,0
356,India,Psoriasis,2019,19,70 to 74,72,True,2,Female,15,mortality,0,0,0
356,India,Psoriasis,2019,19,70 to 74,73,True,2,Female,15,mortality,0,0,0
356,India,Psoriasis,2019,19,70 to 74,74,True,2,Female,15,mortality,0,0,0
356,India,Psoriasis,2019,20,75 to 79,75,False,1,Male,5,Prevalence,0.005277150422658413,0.005702208666484948,0.004879433322308557
356,India,Psoriasis,2019,20,75 to 79,76,True,1,Male,5,Prevalence,0.005174299550704728,0.005702208666484948,0.004879433322308557
356,India,Psoriasis,2019,20,75 to 79,77,True,1,Male,5,Prevalence,0.005061677851324941,0.005702208666484948,0.004879433322308557
356,India,Psoriasis,2019,20,75 to 79,78,True,1,Male,5,Prevalence,0.0049399361858427256,0.005702208666484948,0.004879433322308557
356,India,Psoriasis,2019,20,75 to 79,79,True,1,Male,5,Prevalence,0.004809915409948365,0.005702208666484948,0.004879433322308557
356,India,Psoriasis,2019,20,75 to 79,75,False,1,Male,6,Incidence,0.00045275911685567884,0.0004474642708939847,0.0003309219789922449
356,India,Psoriasis,2019,20,75 to 79,76,True,1,Male,6,Incidence,0.0004335923559259449,0.0004474642708939847,0.0003309219789922449
356,India,Psoriasis,2019,20,75 to 79,77,True,1,Male,6,Incidence,0.0004142827674969795,0.0004474642708939847,0.0003309219789922449
356,India,Psoriasis,2019,20,75 to 79,78,True,1,Male,6,Incidence,0.00039504223057885827,0.0004474642708939847,0.0003309219789922449
356,India,Psoriasis,2019,20,75 to 79,79,True,1,Male,6,Incidence,0.0003760798352009301,0.0004474642708939847,0.0003309219789922449
356,India,Psoriasis,2019,20,75 to 79,75,False,1,Male,7,remission,0.10111280782369543,0.1103952056064285,0.08706268092561556
356,India,Psoriasis,2019,20,75 to 79,76,True,1,Male,7,remission,0.10122036573030051,0.1103952056064285,0.08706268092561556
356,India,Psoriasis,2019,20,75 to 79,77,True,1,Male,7,remission,0.10141678861007786,0.1103952056064285,0.08706268092561556
356,India,Psoriasis,2019,20,75 to 79,78,True,1,Male,7,remission,0.10170230794467978,0.1103952056064285,0.08706268092561556
356,India,Psoriasis,2019,20,75 to 79,79,True,1,Male,7,remission,0.1020747600249809,0.1103952056064285,0.08706268092561556
356,India,Psoriasis,2019,20,75 to 79,75,False,1,Male,15,mortality,0,0,0
356,India,Psoriasis,2019,20,75 to 79,76,True,1,Male,15,mortality,0,0,0
356,India,Psoriasis,2019,20,75 to 79,77,True,1,Male,15,mortality,0,0,0
356,India,Psoriasis,2019,20,75 to 79,78,True,1,Male,15,mortality,0,0,0
356,India,Psoriasis,2019,20,75 to 79,79,True,1,Male,15,mortality,0,0,0
356,India,Psoriasis,2019,20,75 to 79,75,False,2,Female,5,Prevalence,0.005492418238267256,0.005917126729923967,0.005053260996822014
356,India,Psoriasis,2019,20,75 to 79,76,True,2,Female,5,Prevalence,0.005384397335879813,0.005917126729923967,0.005053260996822014
356,India,Psoriasis,2019,20,75 to 79,77,True,2,Female,5,Prevalence,0.0052664118311462815,0.005917126729923967,0.005053260996822014
356,India,Psoriasis,2019,20,75 to 79,78,True,2,Female,5,Prevalence,0.005139187122959306,0.005917126729923967,0.005053260996822014
356,India,Psoriasis,2019,20,75 to 79,79,True,2,Female,5,Prevalence,0.005003627250200284,0.005917126729923967,0.005053260996822014
356,India,Psoriasis,2019,20,75 to 79,75,False,2,Female,6,Incidence,0.00047615283302125975,0.0004714598467037634,0.00035028017022727007
356,India,Psoriasis,2019,20,75 to 79,76,True,2,Female,6,Incidence,0.00045656261489523833,0.0004714598467037634,0.00035028017022727007
356,India,Psoriasis,2019,20,75 to 79,77,True,2,Female,6,Incidence,0.00043686900596092717,0.0004714598467037634,0.00035028017022727007
356,India,Psoriasis,2019,20,75 to 79,78,True,2,Female,6,Incidence,0.0004172697733406673,0.0004714598467037634,0.00035028017022727007
356,India,Psoriasis,2019,20,75 to 79,79,True,2,Female,6,Incidence,0.00039796057906237665,0.0004714598467037634,0.00035028017022727007
356,India,Psoriasis,2019,20,75 to 79,75,False,2,Female,7,remission,0.1021492374261647,0.111698383784679,0.08869305009211396
356,India,Psoriasis,2019,20,75 to 79,76,True,2,Female,7,remission,0.10233668669541159,0.111698383784679,0.08869305009211396
356,India,Psoriasis,2019,20,75 to 79,77,True,2,Female,7,remission,0.1026117130511421,0.111698383784679,0.08869305009211396
356,India,Psoriasis,2019,20,75 to 79,78,True,2,Female,7,remission,0.10297276104563717,0.111698383784679,0.08869305009211396
356,India,Psoriasis,2019,20,75 to 79,79,True,2,Female,7,remission,0.10341621062281836,0.111698383784679,0.08869305009211396
356,India,Psoriasis,2019,20,75 to 79,75,False,2,Female,15,mortality,0,0,0
356,India,Psoriasis,2019,20,75 to 79,76,True,2,Female,15,mortality,0,0,0
356,India,Psoriasis,2019,20,75 to 79,77,True,2,Female,15,mortality,0,0,0
356,India,Psoriasis,2019,20,75 to 79,78,True,2,Female,15,mortality,0,0,0
356,India,Psoriasis,2019,20,75 to 79,79,True,2,Female,15,mortality,0,0,0
356,India,Psoriasis,2019,30,80 to 84,80,False,1,Male,5,Prevalence,0.004672631703556478,0.004789588520854832,0.0041243448046041015
356,India,Psoriasis,2019,30,80 to 84,81,True,1,Male,5,Prevalence,0.004529254242912248,0.004789588520854832,0.0041243448046041015
356,India,Psoriasis,2019,30,80 to 84,82,True,1,Male,5,Prevalence,0.00438107699332366,0.004789588520854832,0.0041243448046041015
356,India,Psoriasis,2019,30,80 to 84,83,True,1,Male,5,Prevalence,0.004229486988287415,0.004789588520854832,0.0041243448046041015
356,India,Psoriasis,2019,30,80 to 84,84,True,1,Male,5,Prevalence,0.0040759317465935115,0.004789588520854832,0.0041243448046041015
356,India,Psoriasis,2019,30,80 to 84,80,False,1,Male,6,Incidence,0.000357595612305857,0.0003206115106903957,0.0002329398439466224
356,India,Psoriasis,2019,30,80 to 84,81,True,1,Male,6,Incidence,0.00033977560890419123,0.0003206115106903957,0.0002329398439466224
356,India,Psoriasis,2019,30,80 to 84,82,True,1,Male,6,Incidence,0.00032278863019262206,0.0003206115106903957,0.0002329398439466224
356,India,Psoriasis,2019,30,80 to 84,83,True,1,Male,6,Incidence,0.0003067847728237104,0.0003206115106903957,0.0002329398439466224
356,India,Psoriasis,2019,30,80 to 84,84,True,1,Male,6,Incidence,0.0002918956691183854,0.0003206115106903957,0.0002329398439466224
356,India,Psoriasis,2019,30,80 to 84,80,False,1,Male,7,remission,0.10252972703669198,0.11448789662805219,0.09113496338516236
356,India,Psoriasis,2019,30,80 to 84,81,True,1,Male,7,remission,0.10306085602672811,0.11448789662805219,0.09113496338516236
356,India,Psoriasis,2019,30,80 to 84,82,True,1,Male,7,remission,0.10366030759767242,0.11448789662805219,0.09113496338516236
356,India,Psoriasis,2019,30,80 to 84,83,True,1,Male,7,remission,0.10431926461148845,0.11448789662805219,0.09113496338516236
356,India,Psoriasis,2019,30,80 to 84,84,True,1,Male,7,remission,0.10502842143928315,0.11448789662805219,0.09113496338516236
356,India,Psoriasis,2019,30,80 to 84,80,False,1,Male,15,mortality,0,0,0
356,India,Psoriasis,2019,30,80 to 84,81,True,1,Male,15,mortality,0,0,0
356,India,Psoriasis,2019,30,80 to 84,82,True,1,Male,15,mortality,0,0,0
356,India,Psoriasis,2019,30,80 to 84,83,True,1,Male,15,mortality,0,0,0
356,India,Psoriasis,2019,30,80 to 84,84,True,1,Male,15,mortality,0,0,0
356,India,Psoriasis,2019,30,80 to 84,80,False,2,Female,5,Prevalence,0.004860800745737449,0.004973522245546493,0.004286230558069872
356,India,Psoriasis,2019,30,80 to 84,81,True,2,Female,5,Prevalence,0.004711920055174634,0.004973522245546493,0.004286230558069872
356,India,Psoriasis,2019,30,80 to 84,82,True,2,Female,5,Prevalence,0.004558315961626732,0.004973522245546493,0.004286230558069872
356,India,Psoriasis,2019,30,80 to 84,83,True,2,Female,5,Prevalence,0.004401408894360839,0.004973522245546493,0.004286230558069872
356,India,Psoriasis,2019,30,80 to 84,84,True,2,Female,5,Prevalence,0.004242679213243558,0.004973522245546493,0.004286230558069872
356,India,Psoriasis,2019,30,80 to 84,80,False,2,Female,6,Incidence,0.0003791303949909651,0.0003427879256280423,0.0002496497597574666
356,India,Psoriasis,2019,30,80 to 84,81,True,2,Female,6,Incidence,0.000360957843497141,0.0003427879256280423,0.0002496497597574666
356,India,Psoriasis,2019,30,80 to 84,82,True,2,Female,6,Incidence,0.00034360864109911885,0.0003427879256280423,0.0002496497597574666
356,India,Psoriasis,2019,30,80 to 84,83,True,2,Female,6,Incidence,0.00032723421409196847,0.0003427879256280423,0.0002496497597574666
356,India,Psoriasis,2019,30,80 to 84,84,True,2,Female,6,Incidence,0.00031197144212342367,0.0003427879256280423,0.0002496497597574666
356,India,Psoriasis,2019,30,80 to 84,80,False,2,Female,7,remission,0.10393657366408086,0.11597893061539097,0.09248961493979027
356,India,Psoriasis,2019,30,80 to 84,81,True,2,Female,7,remission,0.10452680874661587,0.11597893061539097,0.09248961493979027
356,India,Psoriasis,2019,30,80 to 84,82,True,2,Female,7,remission,0.10517871109795955,0.11597893061539097,0.09248961493979027
356,India,Psoriasis,2019,30,80 to 84,83,True,2,Female,7,remission,0.10588332368349744,0.11597893061539097,0.09248961493979027
356,India,Psoriasis,2019,30,80 to 84,84,True,2,Female,7,remission,0.10663131297841173,0.11597893061539097,0.09248961493979027
356,India,Psoriasis,2019,30,80 to 84,80,False,2,Female,15,mortality,0,0,0
356,India,Psoriasis,2019,30,80 to 84,81,True,2,Female,15,mortality,0,0,0
356,India,Psoriasis,2019,30,80 to 84,82,True,2,Female,15,mortality,0,0,0
356,India,Psoriasis,2019,30,80 to 84,83,True,2,Female,15,mortality,0,0,0
356,India,Psoriasis,2019,30,80 to 84,84,True,2,Female,15,mortality,0,0,0
356,India,Psoriasis,2019,31,85 to 89,85,False,1,Male,5,Prevalence,0.003921888390572937,0.003811774013872016,0.0032708511224760956
356,India,Psoriasis,2019,31,85 to 89,86,True,1,Male,5,Prevalence,0.0037688365551889545,0.003811774013872016,0.0032708511224760956
356,India,Psoriasis,2019,31,85 to 89,87,True,1,Male,5,Prevalence,0.0036182363828655695,0.003811774013872016,0.0032708511224760956
356,India,Psoriasis,2019,31,85 to 89,88,True,1,Male,5,Prevalence,0.003471511919864025,0.003811774013872016,0.0032708511224760956
356,India,Psoriasis,2019,31,85 to 89,89,True,1,Male,5,Prevalence,0.003330039257924359,0.003811774013872016,0.0032708511224760956
356,India,Psoriasis,2019,31,85 to 89,85,False,1,Male,6,Incidence,0.00027823616708727355,0.00023906334575009327,0.00017388665750947189
356,India,Psoriasis,2019,31,85 to 89,86,True,1,Male,6,Incidence,0.0002659070010744719,0.00023906334575009327,0.00017388665750947189
356,India,Psoriasis,2019,31,85 to 89,87,True,1,Male,6,Incidence,0.00025499788169679427,0.00023906334575009327,0.00017388665750947189
356,India,Psoriasis,2019,31,85 to 89,88,True,1,Male,6,Incidence,0.00024559037621561,0.00023906334575009327,0.00017388665750947189
356,India,Psoriasis,2019,31,85 to 89,89,True,1,Male,6,Incidence,0.00023775998747519516,0.00023906334575009327,0.00017388665750947189
356,India,Psoriasis,2019,31,85 to 89,85,False,1,Male,7,remission,0.10577837861041205,0.11955167708998617,0.09579860905714283
356,India,Psoriasis,2019,31,85 to 89,86,True,1,Male,7,remission,0.10655988576383633,0.11955167708998617,0.09579860905714283
356,India,Psoriasis,2019,31,85 to 89,87,True,1,Male,7,remission,0.10736390468433511,0.11955167708998617,0.09579860905714283
356,India,Psoriasis,2019,31,85 to 89,88,True,1,Male,7,remission,0.10818149887505359,0.11955167708998617,0.09579860905714283
356,India,Psoriasis,2019,31,85 to 89,89,True,1,Male,7,remission,0.10900359022794189,0.11955167708998617,0.09579860905714283
356,India,Psoriasis,2019,31,85 to 89,85,False,1,Male,15,mortality,0,0,0
356,India,Psoriasis,2019,31,85 to 89,86,True,1,Male,15,mortality,0,0,0
356,India,Psoriasis,2019,31,85 to 89,87,True,1,Male,15,mortality,0,0,0
356,India,Psoriasis,2019,31,85 to 89,88,True,1,Male,15,mortality,0,0,0
356,India,Psoriasis,2019,31,85 to 89,89,True,1,Male,15,mortality,0,0,0
356,India,Psoriasis,2019,31,85 to 89,85,False,2,Female,5,Prevalence,0.00408363849750997,0.003976906445101676,0.003409286772593111
356,India,Psoriasis,2019,31,85 to 89,86,True,2,Female,5,Prevalence,0.0039258035141558,0.003976906445101676,0.003409286772593111
356,India,Psoriasis,2019,31,85 to 89,87,True,2,Female,5,Prevalence,0.003770673942237571,0.003976906445101676,0.003409286772593111
356,India,Psoriasis,2019,31,85 to 89,88,True,2,Female,5,Prevalence,0.0036197141878173415,0.003976906445101676,0.003409286772593111
356,India,Psoriasis,2019,31,85 to 89,89,True,2,Female,5,Prevalence,0.003474338889960005,0.003976906445101676,0.003409286772593111
356,India,Psoriasis,2019,31,85 to 89,85,False,2,Female,6,Incidence,0.00029794336795461334,0.00025491039028101753,0.00018526733369100208
356,India,Psoriasis,2019,31,85 to 89,86,True,2,Female,6,Incidence,0.0002852605942151337,0.00025491039028101753,0.00018526733369100208
356,India,Psoriasis,2019,31,85 to 89,87,True,2,Female,6,Incidence,0.0002740229861084623,0.00025491039028101753,0.00018526733369100208
356,India,Psoriasis,2019,31,85 to 89,88,True,2,Female,6,Incidence,0.00026432123913352107,0.00025491039028101753,0.00018526733369100208
356,India,Psoriasis,2019,31,85 to 89,89,True,2,Female,6,Incidence,0.00025623788373541284,0.00025491039028101753,0.00018526733369100208
356,India,Psoriasis,2019,31,85 to 89,85,False,2,Female,7,remission,0.10741326002958766,0.12091495947903931,0.09753096035975288
356,India,Psoriasis,2019,31,85 to 89,86,True,2,Female,7,remission,0.10821983304702788,0.12091495947903931,0.09753096035975288
356,India,Psoriasis,2019,31,85 to 89,87,True,2,Female,7,remission,0.10904182954681574,0.12091495947903931,0.09753096035975288
356,India,Psoriasis,2019,31,85 to 89,88,True,2,Female,7,remission,0.10987010032989687,0.12091495947903931,0.09753096035975288
356,India,Psoriasis,2019,31,85 to 89,89,True,2,Female,7,remission,0.11069538999462998,0.12091495947903931,0.09753096035975288
356,India,Psoriasis,2019,31,85 to 89,85,False,2,Female,15,mortality,0,0,0
356,India,Psoriasis,2019,31,85 to 89,86,True,2,Female,15,mortality,0,0,0
356,India,Psoriasis,2019,31,85 to 89,87,True,2,Female,15,mortality,0,0,0
356,India,Psoriasis,2019,31,85 to 89,88,True,2,Female,15,mortality,0,0,0
356,India,Psoriasis,2019,31,85 to 89,89,True,2,Female,15,mortality,0,0,0
356,India,Psoriasis,2019,32,90 to 94,90,False,1,Male,5,Prevalence,0.0031951380071998854,0.00300364674536676,0.0025786900041674166
356,India,Psoriasis,2019,32,90 to 94,91,True,1,Male,5,Prevalence,0.003068064315235873,0.00300364674536676,0.0025786900041674166
356,India,Psoriasis,2019,32,90 to 94,92,True,1,Male,5,Prevalence,0.002950003746170739,0.00300364674536676,0.0025786900041674166
356,India,Psoriasis,2019,32,90 to 94,93,True,1,Male,5,Prevalence,0.002842062865878479,0.00300364674536676,0.0025786900041674166
356,India,Psoriasis,2019,32,90 to 94,94,True,1,Male,5,Prevalence,0.002745259179846596,0.00300364674536676,0.0025786900041674166
356,India,Psoriasis,2019,32,90 to 94,90,False,1,Male,6,Incidence,0.00023157698684993317,0.0002087645720741744,0.00014871195738191915
356,India,Psoriasis,2019,32,90 to 94,91,True,1,Male,6,Incidence,0.00022710580572051598,0.0002087645720741744,0.00014871195738191915
356,India,Psoriasis,2019,32,90 to 94,92,True,1,Male,6,Incidence,0.00022440309868278327,0.0002087645720741744,0.00014871195738191915
356,India,Psoriasis,2019,32,90 to 94,93,True,1,Male,6,Incidence,0.00022351488731592447,0.0002087645720741744,0.00014871195738191915
356,India,Psoriasis,2019,32,90 to 94,94,True,1,Male,6,Incidence,0.0002244733913136918,0.0002087645720741744,0.00014871195738191915
356,India,Psoriasis,2019,32,90 to 94,90,False,1,Male,7,remission,0.10982065038623989,0.12470367595052093,0.09843206273001662
356,India,Psoriasis,2019,32,90 to 94,91,True,1,Male,7,remission,0.11062240895277335,0.12470367595052093,0.09843206273001662
356,India,Psoriasis,2019,32,90 to 94,92,True,1,Male,7,remission,0.11139765972681204,0.12470367595052093,0.09843206273001662
356,India,Psoriasis,2019,32,90 to 94,93,True,1,Male,7,remission,0.11213422975569733,0.12470367595052093,0.09843206273001662
356,India,Psoriasis,2019,32,90 to 94,94,True,1,Male,7,remission,0.11281914756541983,0.12470367595052093,0.09843206273001662
356,India,Psoriasis,2019,32,90 to 94,90,False,1,Male,15,mortality,0,0,0
356,India,Psoriasis,2019,32,90 to 94,91,True,1,Male,15,mortality,0,0,0
356,India,Psoriasis,2019,32,90 to 94,92,True,1,Male,15,mortality,0,0,0
356,India,Psoriasis,2019,32,90 to 94,93,True,1,Male,15,mortality,0,0,0
356,India,Psoriasis,2019,32,90 to 94,94,True,1,Male,15,mortality,0,0,0
356,India,Psoriasis,2019,32,90 to 94,90,False,2,Female,5,Prevalence,0.0033359011566452147,0.0031418986254964547,0.002685095344559826
356,India,Psoriasis,2019,32,90 to 94,91,True,2,Female,5,Prevalence,0.003205682317874344,0.0031418986254964547,0.002685095344559826
356,India,Psoriasis,2019,32,90 to 94,92,True,2,Female,5,Prevalence,0.0030848821044650817,0.0031418986254964547,0.002685095344559826
356,India,Psoriasis,2019,32,90 to 94,93,True,2,Female,5,Prevalence,0.0029746086125602214,0.0031418986254964547,0.002685095344559826
356,India,Psoriasis,2019,32,90 to 94,94,True,2,Female,5,Prevalence,0.002875868047870419,0.0031418986254964547,0.002685095344559826
356,India,Psoriasis,2019,32,90 to 94,90,False,2,Female,6,Incidence,0.00024984740604757364,0.00022175572597760488,0.0001589869428095396
356,India,Psoriasis,2019,32,90 to 94,91,True,2,Female,6,Incidence,0.0002452153627304589,0.00022175572597760488,0.0001589869428095396
356,India,Psoriasis,2019,32,90 to 94,92,True,2,Female,6,Incidence,0.00024239662150874437,0.00022175572597760488,0.0001589869428095396
356,India,Psoriasis,2019,32,90 to 94,93,True,2,Female,6,Incidence,0.00024143309981402078,0.00022175572597760488,0.0001589869428095396
356,India,Psoriasis,2019,32,90 to 94,94,True,2,Female,6,Incidence,0.00024235152240893845,0.00022175572597760488,0.0001589869428095396
356,India,Psoriasis,2019,32,90 to 94,90,False,2,Female,7,remission,0.11150814502365282,0.12614268448668683,0.10095563993715456
356,India,Psoriasis,2019,32,90 to 94,91,True,2,Female,7,remission,0.11229834749237788,0.12614268448668683,0.10095563993715456
356,India,Psoriasis,2019,32,90 to 94,92,True,2,Female,7,remission,0.1130554285849636,0.12614268448668683,0.10095563993715456
356,India,Psoriasis,2019,32,90 to 94,93,True,2,Female,7,remission,0.11376830205661813,0.12614268448668683,0.10095563993715456
356,India,Psoriasis,2019,32,90 to 94,94,True,2,Female,7,remission,0.1144255364338373,0.12614268448668683,0.10095563993715456
356,India,Psoriasis,2019,32,90 to 94,90,False,2,Female,15,mortality,0,0,0
356,India,Psoriasis,2019,32,90 to 94,91,True,2,Female,15,mortality,0,0,0
356,India,Psoriasis,2019,32,90 to 94,92,True,2,Female,15,mortality,0,0,0
356,India,Psoriasis,2019,32,90 to 94,93,True,2,Female,15,mortality,0,0,0
356,India,Psoriasis,2019,32,90 to 94,94,True,2,Female,15,mortality,0,0,0
356,India,Psoriasis,2019,235,95 to 100,95,False,1,Male,5,Prevalence,0.0026605098954128148,0.002420062114115109,0.002048414216647484
356,India,Psoriasis,2019,235,95 to 100,96,True,1,Male,5,Prevalence,0.0025886205747169106,0.002420062114115109,0.002048414216647484
356,India,Psoriasis,2019,235,95 to 100,97,True,1,Male,5,Prevalence,0.0025302749334655665,0.002420062114115109,0.002048414216647484
356,India,Psoriasis,2019,235,95 to 100,98,True,1,Male,5,Prevalence,0.0024860267900412517,0.002420062114115109,0.002048414216647484
356,India,Psoriasis,2019,235,95 to 100,99,True,1,Male,5,Prevalence,0.0024562946039133316,0.002420062114115109,0.002048414216647484
356,India,Psoriasis,2019,235,95 to 100,100,True,1,Male,5,Prevalence,0.002441358398423846,0.002420062114115109,0.002048414216647484
356,India,Psoriasis,2019,235,95 to 100,95,False,1,Male,6,Incidence,0.00022729418732915865,0.0002198337283276085,0.00012970679079284567
356,India,Psoriasis,2019,235,95 to 100,96,True,1,Male,6,Incidence,0.00023197418571789855,0.0002198337283276085,0.00012970679079284567
356,India,Psoriasis,2019,235,95 to 100,97,True,1,Male,6,Incidence,0.00023849062556866675,0.0002198337283276085,0.00012970679079284567
356,India,Psoriasis,2019,235,95 to 100,98,True,1,Male,6,Incidence,0.00024680095831553027,0.0002198337283276085,0.00012970679079284567
356,India,Psoriasis,2019,235,95 to 100,99,True,1,Male,6,Incidence,0.000256843241467258,0.0002198337283276085,0.00012970679079284567
356,India,Psoriasis,2019,235,95 to 100,100,True,1,Male,6,Incidence,0.00026853659331609536,0.0002198337283276085,0.00012970679079284567
356,India,Psoriasis,2019,235,95 to 100,95,False,1,Male,7,remission,0.11343901246003685,0.13115070606115642,0.10240323771007512
356,India,Psoriasis,2019,235,95 to 100,96,True,1,Male,7,remission,0.11398053332561169,0.13115070606115642,0.10240323771007512
356,India,Psoriasis,2019,235,95 to 100,97,True,1,Male,7,remission,0.11443117928249524,0.13115070606115642,0.10240323771007512
356,India,Psoriasis,2019,235,95 to 100,98,True,1,Male,7,remission,0.11477986981584119,0.13115070606115642,0.10240323771007512
356,India,Psoriasis,2019,235,95 to 100,99,True,1,Male,7,remission,0.11501762956114592,0.13115070606115642,0.10240323771007512
356,India,Psoriasis,2019,235,95 to 100,100,True,1,Male,7,remission,0.11513814074659125,0.13115070606115642,0.10240323771007512
356,India,Psoriasis,2019,235,95 to 100,95,False,1,Male,15,mortality,0,0,0
356,India,Psoriasis,2019,235,95 to 100,96,True,1,Male,15,mortality,0,0,0
356,India,Psoriasis,2019,235,95 to 100,97,True,1,Male,15,mortality,0,0,0
356,India,Psoriasis,2019,235,95 to 100,98,True,1,Male,15,mortality,0,0,0
356,India,Psoriasis,2019,235,95 to 100,99,True,1,Male,15,mortality,0,0,0
356,India,Psoriasis,2019,235,95 to 100,100,True,1,Male,15,mortality,0,0,0
356,India,Psoriasis,2019,235,95 to 100,95,False,2,Female,5,Prevalence,0.002789554844842578,0.002557303549457557,0.0021621327090499253
356,India,Psoriasis,2019,235,95 to 100,96,True,2,Female,5,Prevalence,0.0027164431103650338,0.002557303549457557,0.0021621327090499253
356,India,Psoriasis,2019,235,95 to 100,97,True,2,Female,5,Prevalence,0.002657180314220171,0.002557303549457557,0.0021621327090499253
356,India,Psoriasis,2019,235,95 to 100,98,True,2,Female,5,Prevalence,0.002612283739321823,0.002557303549457557,0.0021621327090499253
356,India,Psoriasis,2019,235,95 to 100,99,True,2,Female,5,Prevalence,0.002582139558161698,0.002557303549457557,0.0021621327090499253
356,India,Psoriasis,2019,235,95 to 100,100,True,2,Female,5,Prevalence,0.0025670037593754137,0.002557303549457557,0.0021621327090499253
356,India,Psoriasis,2019,235,95 to 100,95,False,2,Female,6,Incidence,0.0002451617129707245,0.00023174472437332912,0.00013864537735909345
356,India,Psoriasis,2019,235,95 to 100,96,True,2,Female,6,Incidence,0.00024985575904706956,0.00023174472437332912,0.00013864537735909345
356,India,Psoriasis,2019,235,95 to 100,97,True,2,Female,6,Incidence,0.00025640809134443637,0.00023174472437332912,0.00013864537735909345
356,India,Psoriasis,2019,235,95 to 100,98,True,2,Female,6,Incidence,0.0002647761973663056,0.00023174472437332912,0.00013864537735909345
356,India,Psoriasis,2019,235,95 to 100,99,True,2,Female,6,Incidence,0.0002749014669878868,0.00023174472437332912,0.00013864537735909345
356,India,Psoriasis,2019,235,95 to 100,100,True,2,Female,6,Incidence,0.0002867096382326809,0.00023174472437332912,0.00013864537735909345
356,India,Psoriasis,2019,235,95 to 100,95,False,2,Female,7,remission,0.1150156605782408,0.13207192492191352,0.10353781213378299
356,India,Psoriasis,2019,235,95 to 100,96,True,2,Female,7,remission,0.11552757522487023,0.13207192492191352,0.10353781213378299
356,India,Psoriasis,2019,235,95 to 100,97,True,2,Female,7,remission,0.11595102739103517,0.13207192492191352,0.10353781213378299
356,India,Psoriasis,2019,235,95 to 100,98,True,2,Female,7,remission,0.11627709738471931,0.13207192492191352,0.10353781213378299
356,India,Psoriasis,2019,235,95 to 100,99,True,2,Female,7,remission,0.11649864941351672,0.13207192492191352,0.10353781213378299
356,India,Psoriasis,2019,235,95 to 100,100,True,2,Female,7,remission,0.11661070439381839,0.13207192492191352,0.10353781213378299
356,India,Psoriasis,2019,235,95 to 100,95,False,2,Female,15,mortality,0,0,0
356,India,Psoriasis,2019,235,95 to 100,96,True,2,Female,15,mortality,0,0,0
356,India,Psoriasis,2019,235,95 to 100,97,True,2,Female,15,mortality,0,0,0
356,India,Psoriasis,2019,235,95 to 100,98,True,2,Female,15,mortality,0,0,0
356,India,Psoriasis,2019,235,95 to 100,99,True,2,Female,15,mortality,0,0,0
356,India,Psoriasis,2019,235,95 to 100,100,True,2,Female,15,mortality,0,0,0
